Name,Date time,Maximum Temperature,Minimum Temperature,Temperature,Wind Chill,Heat Index,Precipitation,Snow,Snow Depth,Wind Speed,Wind Direction,Wind Gust,Visibility,Cloud Cover,Relative Humidity,Conditions
"Gainesville, FL, United States",4/1/20,71,51.2,59.9,,,0,0,0,12.7,306.21,24.2,9.9,0.1,68.29,Clear
"Gainesville, FL, United States",4/2/20,74.9,42.3,59.1,,,0,0,0,11.2,175.54,,9.9,0,68.57,Clear
"Gainesville, FL, United States",4/3/20,81,44.1,62.6,,79.5,0,0,0,8,118.79,,9.9,0,64.17,Clear
"Gainesville, FL, United States",4/4/20,82.1,50.1,66.7,,80.6,0,0,0,6.9,185.88,,9.9,0,61.34,Clear
"Gainesville, FL, United States",4/5/20,70,61.1,64.8,,,0.06,0,0,8,133.75,,9.1,67.2,83.12,"Rain, Partially cloudy"
"Gainesville, FL, United States",4/6/20,80.9,55.2,67.9,,81.4,0,0,0,11.3,133.96,19.7,9.2,28.2,76.46,Partially cloudy
"Gainesville, FL, United States",4/7/20,84.8,57,71,,84.4,0,0,0,12.6,115.79,18.3,9.8,17.8,71.53,Clear
"Gainesville, FL, United States",4/8/20,84.8,61.1,73.8,,88.1,0,0,0,17.1,267,23,9.9,51.1,81.38,Partially cloudy
"Gainesville, FL, United States",4/9/20,89,73.1,78.9,,92,0,0,0,19.5,253.33,25.2,9.8,53.1,74.88,Partially cloudy
"Gainesville, FL, United States",4/10/20,75.8,61.1,69.7,,,0,0,0,16,279.13,26.4,8.5,34,66.02,Partially cloudy
"Gainesville, FL, United States",4/11/20,80.1,45.1,63.9,,79.4,0,0,0,11.2,120.04,16.1,9.9,0,57.15,Clear
"Gainesville, FL, United States",4/12/20,91.1,64.2,77.1,,93.3,0.02,0,0,17.1,144,24.1,9.7,30.5,74.63,"Rain, Partially cloudy"
"Gainesville, FL, United States",4/13/20,84.8,75.9,79.2,,90.7,0.01,0,0,17.1,209.96,31.6,6.9,68.9,82.23,"Rain, Partially cloudy"
"Gainesville, FL, United States",4/14/20,79.1,68.1,74.4,,,1.52,0,0,8,212.46,20.8,6.2,52.6,96.6,"Rain, Partially cloudy"
"Gainesville, FL, United States",4/15/20,80.8,57,67.4,,85.5,0.85,0,0,15,242.75,28,6.6,83,96.87,"Rain, Overcast"
"Gainesville, FL, United States",4/16/20,72,55.2,62.8,,,0.12,0,0,20.6,54.58,27.5,9.5,48,75.73,"Rain, Partially cloudy"
"Gainesville, FL, United States",4/17/20,81,52.1,66.6,,82.3,0,0,0,12.7,74.58,17.2,9.9,34.7,73.86,Partially cloudy
"Gainesville, FL, United States",4/18/20,75.9,66,70.9,,,0.25,0,0,10.3,239.13,17.2,8.5,39.3,94.62,"Rain, Partially cloudy"
"Gainesville, FL, United States",4/19/20,88.1,68.1,76.4,,91.5,0,0,0,20.7,233.42,29.8,8.6,40.9,81.3,Partially cloudy
"Gainesville, FL, United States",4/20/20,83.9,65.9,76.6,,84.8,0.22,0,0,20.6,249.08,31.3,8.7,44,76.1,"Rain, Partially cloudy"
"Gainesville, FL, United States",4/21/20,83,61,71.2,,81.3,0,0,0,11.3,269.5,18.3,9.9,0.5,65.99,Clear
"Gainesville, FL, United States",4/22/20,81,55.2,69.5,,79.7,0,0,0,12.6,169.42,,9.6,0,61.31,Clear
"Gainesville, FL, United States",4/23/20,89.9,61.2,73.8,,90.5,0.44,0,0,20.8,150.54,34.3,9.8,23.4,69.26,Rain
"Gainesville, FL, United States",4/24/20,74.9,65.1,69.9,,,1.37,0,0,13.8,217.58,32.2,9,70.8,93.3,"Rain, Partially cloudy"
"Gainesville, FL, United States",4/25/20,84.8,64.2,74.5,,89.4,0,0,0,14.9,220.63,23,8.4,59.9,85.58,Partially cloudy
"Gainesville, FL, United States",4/26/20,81,64.2,73,,81.2,0,0,0,13.9,268.38,23,8.8,31.5,72.88,Partially cloudy
"Gainesville, FL, United States",4/27/20,75.8,52.1,63.6,,,0,0,0,12.8,244.63,21.9,9.9,0,60.17,Clear
"Gainesville, FL, United States",4/28/20,81,48.9,65.8,,80.4,0,0,0,10.2,86.5,16.1,9.9,0,68.34,Clear
"Gainesville, FL, United States",4/29/20,83.9,60.2,72.7,,84,0,0,0,16.1,161,25.1,9.9,15.6,67.48,Clear
"Gainesville, FL, United States",4/30/20,78.1,61.1,69.7,,,0.42,0,0,19.6,242.04,33.6,9.7,48.2,72.89,"Rain, Partially cloudy"
"Gainesville, FL, United States",5/1/20,78.2,48.9,65.2,48.2,,0,0,0,14.9,270.92,21.9,9.9,8.7,62.19,Clear
"Gainesville, FL, United States",5/2/20,83.1,50,67.8,,81.3,0,0,0,5.8,143.58,,9.9,0,61.97,Clear
"Gainesville, FL, United States",5/3/20,84.8,56.9,71.5,,84.5,0,0,0,9.1,149.83,16.1,9.9,0,68.21,Clear
"Gainesville, FL, United States",5/4/20,84.9,59,71.9,,85.1,0,0,0,12.6,248.13,,9.8,0.2,72.53,Clear
"Gainesville, FL, United States",5/5/20,86,62.9,72.7,,87.4,0,0,0,14.9,272.67,20.8,8.8,33.2,78.8,Partially cloudy
"Gainesville, FL, United States",5/6/20,83.9,64.3,73.6,,86.4,0,0,0,14.9,278.21,23,9.9,16.8,71.84,Clear
"Gainesville, FL, United States",5/7/20,72,50.2,62.3,,,0,0,0,13.8,187.79,21.9,9.9,0,50.13,Clear
"Gainesville, FL, United States",5/8/20,80,45,63.9,,79.2,0,0,0,18.2,132.5,24.2,9.9,0,62.31,Clear
"Gainesville, FL, United States",5/9/20,80,60.3,69.6,,80.7,0,0,0,14.9,153.96,20.8,9.9,32.1,71.89,Partially cloudy
"Gainesville, FL, United States",5/10/20,74.1,59.1,65,,,0.74,0,0,12.4,64.75,18.3,9.1,45.3,85.08,"Rain, Partially cloudy"
"Gainesville, FL, United States",5/11/20,83,55.2,68.8,,81.7,0,0,0,11.4,208.96,19.9,9.5,8.4,69.31,Clear
"Gainesville, FL, United States",5/12/20,81,54,67.1,,79.9,0,0,0,13.8,105.79,20.8,9.9,0,53.99,Clear
"Gainesville, FL, United States",5/13/20,83.1,53.2,69.3,,83.5,0,0,0,17.1,58.17,23.6,9.9,29.1,74.02,Partially cloudy
"Gainesville, FL, United States",5/14/20,83,60.2,71.6,,83.5,0,0,0,16.1,69.33,26.5,9.5,26.4,73.07,Partially cloudy
"Gainesville, FL, United States",5/15/20,84.9,59.1,72.3,,86.6,0,0,0,16,56.88,21.9,9.6,23.3,76.54,Clear
"Gainesville, FL, United States",5/16/20,84.8,66,75,,89.4,0,0,0,17.1,52.5,26.3,9.7,29.6,80.02,Partially cloudy
"Gainesville, FL, United States",5/17/20,88.1,68,76.4,,91.6,0,0,0,11.2,195.67,20.8,8.6,64.1,79.86,Partially cloudy
"Gainesville, FL, United States",5/18/20,87.1,66.9,75.9,,87.2,0,0,0,17.3,181.13,29.4,9.9,18.9,75.31,Clear
"Gainesville, FL, United States",5/19/20,86,66.9,76.6,,88.7,0.02,0,0,16.1,218.46,24.2,9.9,25.6,71.07,"Rain, Partially cloudy"
"Gainesville, FL, United States",5/20/20,89,66,76.7,,89.9,0,0,0,14.9,242.79,25.3,9.9,6.8,69.87,Clear
"Gainesville, FL, United States",5/21/20,91.1,65.1,78.5,,93.8,0,0,0,13.8,193.29,20.8,9.3,8.3,70.03,Clear
"Gainesville, FL, United States",5/22/20,93,64.2,79.1,,95.3,0,0,0,14.7,168.21,28.9,9.8,11.4,66.26,Clear
"Gainesville, FL, United States",5/23/20,91.1,66.9,78.7,,93.9,0.01,0,0,13.7,156.88,30.8,9.9,15.1,70.39,Rain
"Gainesville, FL, United States",5/24/20,89,69.2,77.9,,92.8,0.01,0,0,18.2,66.67,21.9,9.8,10.5,75.46,Rain
"Gainesville, FL, United States",5/25/20,80,71.1,74.3,,,0.36,0,0,11.5,82.04,25.3,9.3,46.1,90.04,"Rain, Partially cloudy"
"Gainesville, FL, United States",5/26/20,80.9,71.1,74.8,,86.1,0.08,0,0,10.2,54.17,23,9.5,80.2,92.4,"Rain, Overcast"
"Gainesville, FL, United States",5/27/20,84.9,71.1,77.2,,93.2,1.06,0,0,10.4,180.96,23,8.5,52.8,88.93,"Rain, Partially cloudy"
"Gainesville, FL, United States",5/28/20,87.2,69.3,75.8,,95.6,1.15,0,0,17.1,177.21,21.8,8.5,30.4,90.48,"Rain, Partially cloudy"
"Gainesville, FL, United States",5/29/20,83.9,69.2,75,,90.3,0.79,0,0,9.1,136.04,19.9,8.4,31.5,90.74,"Rain, Partially cloudy"
"Gainesville, FL, United States",5/30/20,87.2,70.1,78.1,,93.2,0.06,0,0,8,193.42,,7.8,38.2,83.61,"Rain, Partially cloudy"
"Gainesville, FL, United States",5/31/20,91.9,69.2,80.4,,97.7,1.18,0,0,10.3,228.75,19.7,9.4,27.9,78.22,"Rain, Partially cloudy"
"Gainesville, FL, United States",6/1/20,84.9,72,77.7,,90.7,0,0,0,20.6,96.83,28.7,9.7,40.4,82.15,Partially cloudy
"Gainesville, FL, United States",6/2/20,84.9,68.1,76.3,,88.2,0,0,0,13.8,74.5,21.9,9.9,20.9,76.59,Clear
"Gainesville, FL, United States",6/3/20,83,66.8,74.3,,84.1,0.03,0,0,8,73.83,,9.7,13.6,80.88,Rain
"Gainesville, FL, United States",6/4/20,80.1,69.2,73.3,,84.3,0.49,0,0,10.2,120.83,21.9,8.8,68.5,94.98,"Rain, Partially cloudy"
"Gainesville, FL, United States",6/5/20,81,71.1,76,,86.3,0,0,0,8,197.29,,9.9,52.8,90.53,Partially cloudy
"Gainesville, FL, United States",6/6/20,80,72,74.2,,85.8,1.07,0,0,9.1,105.33,19.7,8,57.4,97.43,"Rain, Partially cloudy"
"Gainesville, FL, United States",6/7/20,82.1,72,74.7,,91.9,2.4,0,0,10.3,119.54,32.2,7.4,76.3,99.32,"Rain, Overcast"
"Gainesville, FL, United States",6/8/20,87.1,73.1,79.2,,100.4,0.19,0,0,13.7,162.63,19.7,9.4,44.7,90.22,"Rain, Partially cloudy"
"Gainesville, FL, United States",6/9/20,83.9,74.9,79,,93.7,0.02,0,0,6.8,85.17,16.1,7.1,49.6,91.4,"Rain, Partially cloudy"
"Gainesville, FL, United States",6/10/20,92,71.1,78,,102,0.05,0,0,18.1,97.83,23,8.7,30.5,87.91,"Rain, Partially cloudy"
"Gainesville, FL, United States",6/11/20,88.1,71.1,76.5,,97.8,0.1,0,0,10.2,94.63,19.7,9.2,36.6,91.79,"Rain, Partially cloudy"
"Gainesville, FL, United States",6/12/20,88.1,70.1,78.5,,94.1,2.34,0,0,12.7,101.25,26.4,9,55.5,81.84,"Rain, Partially cloudy"
"Gainesville, FL, United States",6/13/20,84.8,69.2,75.8,,89.3,0.41,0,0,12.6,80.13,23.3,9.6,30.8,84.29,"Rain, Partially cloudy"
"Gainesville, FL, United States",6/14/20,84.8,70.1,76.6,,89.5,0,0,0,14.9,105.33,19.7,9.5,39.7,82.63,Partially cloudy
"Gainesville, FL, United States",6/15/20,87.2,66,76.1,,87.6,0,0,0,15,145.25,20.8,9.7,8.2,74.15,Clear
"Gainesville, FL, United States",6/16/20,83.9,64.2,74.1,,85.3,0,0,0,10.2,124.5,18.3,9.9,25.2,74,Partially cloudy
"Gainesville, FL, United States",6/17/20,83.9,62.1,72.6,,87.1,0,0,0,6.9,79.33,,9.9,51.5,81.73,Partially cloudy
"Gainesville, FL, United States",6/18/20,89.1,65.9,77,,91,0,0,0,10.2,154.25,29.8,9.3,16.4,76.48,Clear
"Gainesville, FL, United States",6/19/20,88.1,66.9,76.1,,94.8,0.38,0,0,22.7,94.83,32.1,9.5,25.5,84.97,"Rain, Partially cloudy"
"Gainesville, FL, United States",6/20/20,92,68.1,78.8,,96.8,0.01,0,0,6.8,183.75,17.2,9.6,29.9,79.26,"Rain, Partially cloudy"
"Gainesville, FL, United States",6/21/20,91.1,68,80.4,,95.2,0,0,0,11.3,261.58,17.2,9.9,5.8,72.26,Clear
"Gainesville, FL, United States",6/22/20,91.1,66,79,,98.3,0,0,0,13.8,284.25,19.6,9.9,21.2,76.65,Clear
"Gainesville, FL, United States",6/23/20,89.1,73.2,80.3,,97.2,0.05,0,0,16,209.29,34.4,9.9,22.3,81.31,Rain
"Gainesville, FL, United States",6/24/20,92.9,74,82.7,,101.1,0,0,0,12.7,233.54,20.8,9.8,14.2,76.15,Clear
"Gainesville, FL, United States",6/25/20,93,71.1,81.5,,100.9,0,0,0,12.5,177.14,,9.9,19,78.28,Clear
"Gainesville, FL, United States",6/26/20,93,73.1,83.5,,100.1,0,0,0,8,124.83,,8.4,0.2,72.51,Clear
"Gainesville, FL, United States",6/27/20,91.1,74.1,79.7,,102.9,0.01,0,0,20.2,154.13,36.3,9.8,3.8,82.97,Rain
"Gainesville, FL, United States",6/28/20,93.8,71.1,82.2,,103.3,0,0,0,12.7,172.71,20.8,9.9,8.5,76.29,Clear
"Gainesville, FL, United States",6/29/20,93,73.1,81.9,,103.2,0,0,0,12.7,281,21.5,9.8,16.4,80.93,Clear
"Gainesville, FL, United States",6/30/20,91.1,74.9,80.3,,101.9,0.02,0,0,13.8,291.96,21.9,9.6,11.7,86.25,Rain
"Gainesville, FL, United States",7/1/20,87,71.1,78,,97.4,0,0,0,12.7,235.63,27.7,9.9,9.8,85.03,Clear
"Gainesville, FL, United States",7/2/20,89,69.2,79.2,,98,0.33,0,0,14.8,213,50.2,9.7,10.8,82.95,Rain
"Gainesville, FL, United States",7/3/20,88,71.1,79,,97.5,0.03,0,0,10.2,185.29,26.4,9.9,7.3,84.96,Rain
"Gainesville, FL, United States",7/4/20,88.9,71.1,76,,97.9,0.06,0,0,7,110.79,25.3,9.7,20.1,92.81,Rain
"Gainesville, FL, United States",7/5/20,83.1,72,77.4,,91.1,0.03,0,0,15.9,147.5,21.9,7.7,25.1,91.09,"Rain, Partially cloudy"
"Gainesville, FL, United States",7/6/20,82.9,73.1,76.8,,92.8,0.2,0,0,9.8,172.08,34.4,9.9,26.8,92.61,"Rain, Partially cloudy"
"Gainesville, FL, United States",7/7/20,85.9,72,78.1,,95.1,0.55,0,0,19.5,209.75,40.1,9.3,16.8,88.97,Rain
"Gainesville, FL, United States",7/8/20,88,74.9,80.7,,100.2,0.29,0,0,17.1,252.79,19.7,9.7,28.3,85.81,"Rain, Partially cloudy"
"Gainesville, FL, United States",7/9/20,91.1,75,82.4,,100.9,0,0,0,16,267.96,17.2,9.4,25.8,79.63,Partially cloudy
"Gainesville, FL, United States",7/10/20,92.9,77,82.9,,106,1.35,0,0,12.7,275.71,17.2,8.9,40.5,84.27,"Rain, Partially cloudy"
"Gainesville, FL, United States",7/11/20,93.8,74.1,82.7,,105.9,0.04,0,0,12.6,260.33,19.7,9.5,22.8,79.65,Rain
"Gainesville, FL, United States",7/12/20,93.8,72,83.2,,98.4,0,0,0,12.7,214.71,18.3,9.8,2.3,70.15,Clear
"Gainesville, FL, United States",7/13/20,91.1,73.1,82.5,,101.7,0,0,0,12.7,207.83,20.8,9.9,14.2,75.63,Clear
"Gainesville, FL, United States",7/14/20,92.9,75.8,83.7,,105.4,0,0,0,13.8,264.04,21.9,9.7,25.6,78.78,Partially cloudy
"Gainesville, FL, United States",7/15/20,92,72,80.7,,102.9,1.21,0,0,20.6,173.92,32.1,9.1,20.8,82.87,Rain
"Gainesville, FL, United States",7/16/20,91.1,70.1,80.2,,100.9,0.19,0,0,12.6,87.42,20.8,9.9,13.9,80.82,Rain
"Gainesville, FL, United States",7/17/20,91.9,72,79.6,,103,0.1,0,0,8.1,75.17,19.7,9.2,13.2,87.11,Rain
"Gainesville, FL, United States",7/18/20,91.1,71.1,80.5,,103,0.01,0,0,21.7,68.71,25.3,9.8,18,83.71,Rain
"Gainesville, FL, United States",7/19/20,91.2,72,81.7,,100.9,0,0,0,11.4,62.33,,9.9,11.4,78.95,Clear
"Gainesville, FL, United States",7/20/20,92,71.1,81.6,,100.4,0,0,0,11.4,107,19.7,9.9,16.1,78.91,Clear
"Gainesville, FL, United States",7/21/20,91.8,73.2,79.5,,100.9,0.53,0,0,10.2,96.33,31.1,9.5,7.9,88.8,Rain
"Gainesville, FL, United States",7/22/20,89,72,78.2,,101.7,0.03,0,0,10.3,74,21.9,9.9,9.7,90.28,Rain
"Gainesville, FL, United States",7/23/20,88,75,78.7,,101.8,0,0,0,18.2,94.96,31,9.9,23.3,91.02,Clear
"Gainesville, FL, United States",7/24/20,92,72,80.9,,101.1,0,0,0,12.6,90,28.3,9.9,12,80.48,Clear
"Gainesville, FL, United States",7/25/20,91.1,73.2,81.2,,100.8,0,0,0,11.3,64.5,23,9.7,12.9,80.82,Clear
"Gainesville, FL, United States",7/26/20,92.8,71.1,79.4,,100.8,0.02,0,0,10.2,82.63,23,9.7,21.3,84.82,Rain
"Gainesville, FL, United States",7/27/20,88,71.1,78.4,,98.8,0.02,0,0,16,161.42,23,9.9,7.9,87.09,Rain
"Gainesville, FL, United States",7/28/20,87.2,74,78.6,,96.6,0,0,0,17.1,240.92,20.8,9.9,10.5,88.47,Clear
"Gainesville, FL, United States",7/29/20,87,72.2,76.4,,97.4,1,0,0,17.1,157.5,31.3,9.2,32.1,94.13,"Rain, Partially cloudy"
"Gainesville, FL, United States",7/30/20,89,72,80,,98.9,0.01,0,0,13.8,204.75,24.2,9.7,40.6,85.35,"Rain, Partially cloudy"
"Gainesville, FL, United States",7/31/20,92,72,82.6,,101,0,0,0,9.2,244.63,,9.6,13.9,78.38,Clear
"Gainesville, FL, United States",8/1/20,93.8,73.1,83,,105.7,0,0,0,8.1,144.71,,9.7,10.5,78.39,Clear
"Gainesville, FL, United States",8/2/20,89.9,71.1,78.7,,101.4,0.39,0,0,23.3,77.38,31.1,9.5,22.9,87.23,Rain
"Gainesville, FL, United States",8/3/20,92,74.9,82.9,,102.1,0,0,0,12.7,268.17,19.7,9.8,14.1,79.9,Clear
"Gainesville, FL, United States",8/4/20,93.8,74.9,84,,104.3,0,0,0,9.2,199.83,17.2,9.6,20.2,78.14,Clear
"Gainesville, FL, United States",8/5/20,92.9,73.1,80.8,,107.3,0,0,0,11.2,127.58,29.8,9.9,26.1,84.05,Partially cloudy
"Gainesville, FL, United States",8/6/20,91.1,73.1,79.1,,106.2,0.13,0,0,11.3,161.08,31,9.9,13.8,88.61,Rain
"Gainesville, FL, United States",8/7/20,89.9,72,76.7,,101.3,0.54,0,0,20,128.33,30,9.5,8.2,92.73,Rain
"Gainesville, FL, United States",8/8/20,89.9,69.2,79.3,,101.3,0,0,0,12.7,142.96,,9.9,14.4,83.94,Clear
"Gainesville, FL, United States",8/9/20,94.9,72,81.9,,105.8,0.53,0,0,15.4,174.54,,8.6,14.9,80.13,Rain
"Gainesville, FL, United States",8/10/20,93.8,71.1,81.6,,103.3,0,0,0,10.2,121.17,32.2,9.9,14.5,77.94,Clear
"Gainesville, FL, United States",8/11/20,88.1,73.2,77.4,,97.9,0.19,0,0,13.9,145.25,26.4,9.1,23.5,90.56,Rain
"Gainesville, FL, United States",8/12/20,89,71.1,79.7,,98.1,0,0,0,14.9,176.63,20.8,9,15,84.12,Clear
"Gainesville, FL, United States",8/13/20,92.9,72,80.3,,104.2,0,0,0,14.8,150.88,29.5,9.4,15.6,83.35,Clear
"Gainesville, FL, United States",8/14/20,89.1,72,80.2,,101.7,0.04,0,0,9.4,148.33,29.8,9.9,28.9,84.31,"Rain, Partially cloudy"
"Gainesville, FL, United States",8/15/20,88,73.1,78.7,,100.2,0.12,0,0,14.8,167.17,23,9.5,11.5,89.48,Rain
"Gainesville, FL, United States",8/16/20,92,74,81.2,,103.1,0.04,0,0,12.6,237.71,18.3,9.9,23.5,83.57,Rain
"Gainesville, FL, United States",8/17/20,89.8,72,79.7,,101.8,0,0,0,10.2,111.58,19.7,9.8,6.9,86.7,Clear
"Gainesville, FL, United States",8/18/20,91.1,71.1,78.1,,100.8,0.26,0,0,11.3,142.63,34.4,9.2,29.8,89.3,"Rain, Partially cloudy"
"Gainesville, FL, United States",8/19/20,86,70.1,76.3,,93.3,0.26,0,0,9.1,168.75,19.7,9.9,13.8,90.93,Rain
"Gainesville, FL, United States",8/20/20,87.1,71.1,77,,93.6,0.55,0,0,20.5,137.13,29.8,9.7,26.5,89.34,"Rain, Partially cloudy"
"Gainesville, FL, United States",8/21/20,82.1,70.1,73.9,,86.5,0.16,0,0,10.2,168.75,,9.8,26.4,94.47,"Rain, Partially cloudy"
"Gainesville, FL, United States",8/22/20,85.9,71.1,76.1,,95.7,0.37,0,0,9.2,96.88,32.2,9.2,19.8,92.38,Rain
"Gainesville, FL, United States",8/23/20,91.1,72,79.4,,103.1,0.16,0,0,11.3,70.46,18.5,9.7,21.5,90.73,Rain
"Gainesville, FL, United States",8/24/20,92,77,82.3,,106.4,0.03,0,0,19.5,86.42,34.2,9.9,27.3,87.75,"Rain, Partially cloudy"
"Gainesville, FL, United States",8/25/20,93.8,76.4,83.9,,107.6,0,0,0,14.9,103.88,25.3,8.6,32.8,84.33,Partially cloudy
"Gainesville, FL, United States",8/26/20,95,75,83.5,,108.3,0,0,0,13.6,81.75,19.7,8.9,12.5,82.29,Clear
"Gainesville, FL, United States",8/27/20,92.9,75,81,,105.4,0.22,0,0,14.8,131.13,29.8,9.6,28.8,87.99,"Rain, Partially cloudy"
"Gainesville, FL, United States",8/28/20,88.1,73.2,80.5,,100.6,0.75,0,0,6.9,169.96,17.2,9.8,17.1,89.69,Rain
"Gainesville, FL, United States",8/29/20,91.3,74.1,79.7,,104.9,0.27,0,0,17.1,237.79,25.3,9.5,27,90.7,"Rain, Partially cloudy"
"Gainesville, FL, United States",8/30/20,87.8,74,78.1,,100,0.48,0,0,12.6,240.13,19.7,8.9,52,91.44,"Rain, Partially cloudy"
"Gainesville, FL, United States",8/31/20,82.1,74.1,77.3,,90.3,1.46,0,0,9.1,209.96,,9.5,27.6,97.04,"Rain, Partially cloudy"
"Gainesville, FL, United States",7/1/20,87,71.1,78,,97.4,0,0,0,12.7,235.63,27.7,9.9,9.8,85.03,Clear
"Gainesville, FL, United States",7/2/20,89,69.2,79.2,,98,0.33,0,0,14.8,213,50.2,9.7,10.8,82.95,Rain
"Gainesville, FL, United States",7/3/20,88,71.1,79,,97.5,0.03,0,0,10.2,185.29,26.4,9.9,7.3,84.96,Rain
"Gainesville, FL, United States",7/4/20,88.9,71.1,76,,97.9,0.06,0,0,7,110.79,25.3,9.7,20.1,92.81,Rain
"Gainesville, FL, United States",7/5/20,83.1,72,77.4,,91.1,0.03,0,0,15.9,147.5,21.9,7.7,25.1,91.09,"Rain, Partially cloudy"
"Gainesville, FL, United States",7/6/20,82.9,73.1,76.8,,92.8,0.2,0,0,9.8,172.08,34.4,9.9,26.8,92.61,"Rain, Partially cloudy"
"Gainesville, FL, United States",7/7/20,85.9,72,78.1,,95.1,0.55,0,0,19.5,209.75,40.1,9.3,16.8,88.97,Rain
"Gainesville, FL, United States",7/8/20,88,74.9,80.7,,100.2,0.29,0,0,17.1,252.79,19.7,9.7,28.3,85.81,"Rain, Partially cloudy"
"Gainesville, FL, United States",7/9/20,91.1,75,82.4,,100.9,0,0,0,16,267.96,17.2,9.4,25.8,79.63,Partially cloudy
"Gainesville, FL, United States",7/10/20,92.9,77,82.9,,106,1.35,0,0,12.7,275.71,17.2,8.9,40.5,84.27,"Rain, Partially cloudy"
"Gainesville, FL, United States",7/11/20,93.8,74.1,82.7,,105.9,0.04,0,0,12.6,260.33,19.7,9.5,22.8,79.65,Rain
"Gainesville, FL, United States",7/12/20,93.8,72,83.2,,98.4,0,0,0,12.7,214.71,18.3,9.8,2.3,70.15,Clear
"Gainesville, FL, United States",7/13/20,91.1,73.1,82.5,,101.7,0,0,0,12.7,207.83,20.8,9.9,14.2,75.63,Clear
"Gainesville, FL, United States",7/14/20,92.9,75.8,83.7,,105.4,0,0,0,13.8,264.04,21.9,9.7,25.6,78.78,Partially cloudy
"Gainesville, FL, United States",7/15/20,92,72,80.7,,102.9,1.21,0,0,20.6,173.92,32.1,9.1,20.8,82.87,Rain
"Gainesville, FL, United States",7/16/20,91.1,70.1,80.2,,100.9,0.19,0,0,12.6,87.42,20.8,9.9,13.9,80.82,Rain
"Gainesville, FL, United States",7/17/20,91.9,72,79.6,,103,0.1,0,0,8.1,75.17,19.7,9.2,13.2,87.11,Rain
"Gainesville, FL, United States",7/18/20,91.1,71.1,80.5,,103,0.01,0,0,21.7,68.71,25.3,9.8,18,83.71,Rain
"Gainesville, FL, United States",7/19/20,91.2,72,81.7,,100.9,0,0,0,11.4,62.33,,9.9,11.4,78.95,Clear
"Gainesville, FL, United States",7/20/20,92,71.1,81.6,,100.4,0,0,0,11.4,107,19.7,9.9,16.1,78.91,Clear
"Gainesville, FL, United States",7/21/20,91.8,73.2,79.5,,100.9,0.53,0,0,10.2,96.33,31.1,9.5,7.9,88.8,Rain
"Gainesville, FL, United States",7/22/20,89,72,78.2,,101.7,0.03,0,0,10.3,74,21.9,9.9,9.7,90.28,Rain
"Gainesville, FL, United States",7/23/20,88,75,78.7,,101.8,0,0,0,18.2,94.96,31,9.9,23.3,91.02,Clear
"Gainesville, FL, United States",7/24/20,92,72,80.9,,101.1,0,0,0,12.6,90,28.3,9.9,12,80.48,Clear
"Gainesville, FL, United States",7/25/20,91.1,73.2,81.2,,100.8,0,0,0,11.3,64.5,23,9.7,12.9,80.82,Clear
"Gainesville, FL, United States",7/26/20,92.8,71.1,79.4,,100.8,0.02,0,0,10.2,82.63,23,9.7,21.3,84.82,Rain
"Gainesville, FL, United States",7/27/20,88,71.1,78.4,,98.8,0.02,0,0,16,161.42,23,9.9,7.9,87.09,Rain
"Gainesville, FL, United States",7/28/20,87.2,74,78.6,,96.6,0,0,0,17.1,240.92,20.8,9.9,10.5,88.47,Clear
"Gainesville, FL, United States",7/29/20,87,72.2,76.4,,97.4,1,0,0,17.1,157.5,31.3,9.2,32.1,94.13,"Rain, Partially cloudy"
"Gainesville, FL, United States",7/30/20,89,72,80,,98.9,0.01,0,0,13.8,204.75,24.2,9.7,40.6,85.35,"Rain, Partially cloudy"
"Gainesville, FL, United States",7/31/20,92,72,82.6,,101,0,0,0,9.2,244.63,,9.6,13.9,78.38,Clear
"Gainesville, FL, United States",8/1/20,93.8,73.1,83,,105.7,0,0,0,8.1,144.71,,9.7,10.5,78.39,Clear
"Gainesville, FL, United States",8/2/20,89.9,71.1,78.7,,101.4,0.39,0,0,23.3,77.38,31.1,9.5,22.9,87.23,Rain
"Gainesville, FL, United States",8/3/20,92,74.9,82.9,,102.1,0,0,0,12.7,268.17,19.7,9.8,14.1,79.9,Clear
"Gainesville, FL, United States",8/4/20,93.8,74.9,84,,104.3,0,0,0,9.2,199.83,17.2,9.6,20.2,78.14,Clear
"Gainesville, FL, United States",8/5/20,92.9,73.1,80.8,,107.3,0,0,0,11.2,127.58,29.8,9.9,26.1,84.05,Partially cloudy
"Gainesville, FL, United States",8/6/20,91.1,73.1,79.1,,106.2,0.13,0,0,11.3,161.08,31,9.9,13.8,88.61,Rain
"Gainesville, FL, United States",8/7/20,89.9,72,76.7,,101.3,0.54,0,0,20,128.33,30,9.5,8.2,92.73,Rain
"Gainesville, FL, United States",8/8/20,89.9,69.2,79.3,,101.3,0,0,0,12.7,142.96,,9.9,14.4,83.94,Clear
"Gainesville, FL, United States",8/9/20,94.9,72,81.9,,105.8,0.53,0,0,15.4,174.54,,8.6,14.9,80.13,Rain
"Gainesville, FL, United States",8/10/20,93.8,71.1,81.6,,103.3,0,0,0,10.2,121.17,32.2,9.9,14.5,77.94,Clear
"Gainesville, FL, United States",8/11/20,88.1,73.2,77.4,,97.9,0.19,0,0,13.9,145.25,26.4,9.1,23.5,90.56,Rain
"Gainesville, FL, United States",8/12/20,89,71.1,79.7,,98.1,0,0,0,14.9,176.63,20.8,9,15,84.12,Clear
"Gainesville, FL, United States",8/13/20,92.9,72,80.3,,104.2,0,0,0,14.8,150.88,29.5,9.4,15.6,83.35,Clear
"Gainesville, FL, United States",8/14/20,89.1,72,80.2,,101.7,0.04,0,0,9.4,148.33,29.8,9.9,28.9,84.31,"Rain, Partially cloudy"
"Gainesville, FL, United States",8/15/20,88,73.1,78.7,,100.2,0.12,0,0,14.8,167.17,23,9.5,11.5,89.48,Rain
"Gainesville, FL, United States",8/16/20,92,74,81.2,,103.1,0.04,0,0,12.6,237.71,18.3,9.9,23.5,83.57,Rain
"Gainesville, FL, United States",8/17/20,89.8,72,79.7,,101.8,0,0,0,10.2,111.58,19.7,9.8,6.9,86.7,Clear
"Gainesville, FL, United States",8/18/20,91.1,71.1,78.1,,100.8,0.26,0,0,11.3,142.63,34.4,9.2,29.8,89.3,"Rain, Partially cloudy"
"Gainesville, FL, United States",8/19/20,86,70.1,76.3,,93.3,0.26,0,0,9.1,168.75,19.7,9.9,13.8,90.93,Rain
"Gainesville, FL, United States",8/20/20,87.1,71.1,77,,93.6,0.55,0,0,20.5,137.13,29.8,9.7,26.5,89.34,"Rain, Partially cloudy"
"Gainesville, FL, United States",8/21/20,82.1,70.1,73.9,,86.5,0.16,0,0,10.2,168.75,,9.8,26.4,94.47,"Rain, Partially cloudy"
"Gainesville, FL, United States",8/22/20,85.9,71.1,76.1,,95.7,0.37,0,0,9.2,96.88,32.2,9.2,19.8,92.38,Rain
"Gainesville, FL, United States",8/23/20,91.1,72,79.4,,103.1,0.16,0,0,11.3,70.46,18.5,9.7,21.5,90.73,Rain
"Gainesville, FL, United States",8/24/20,92,77,82.3,,106.4,0.03,0,0,19.5,86.42,34.2,9.9,27.3,87.75,"Rain, Partially cloudy"
"Gainesville, FL, United States",8/25/20,93.8,76.4,83.9,,107.6,0,0,0,14.9,103.88,25.3,8.6,32.8,84.33,Partially cloudy
"Gainesville, FL, United States",8/26/20,95,75,83.5,,108.3,0,0,0,13.6,81.75,19.7,8.9,12.5,82.29,Clear
"Gainesville, FL, United States",8/27/20,92.9,75,81,,105.4,0.22,0,0,14.8,131.13,29.8,9.6,28.8,87.99,"Rain, Partially cloudy"
"Gainesville, FL, United States",8/28/20,88.1,73.2,80.5,,100.6,0.75,0,0,6.9,169.96,17.2,9.8,17.1,89.69,Rain
"Gainesville, FL, United States",8/29/20,91.3,74.1,79.7,,104.9,0.27,0,0,17.1,237.79,25.3,9.5,27,90.7,"Rain, Partially cloudy"
"Gainesville, FL, United States",8/30/20,87.8,74,78.1,,100,0.48,0,0,12.6,240.13,19.7,8.9,52,91.44,"Rain, Partially cloudy"
"Gainesville, FL, United States",8/31/20,82.1,74.1,77.3,,90.3,1.46,0,0,9.1,209.96,,9.5,27.6,97.04,"Rain, Partially cloudy"
"Gainesville, FL, United States",11/1/20,82.9,61.2,68.8,,88.1,0.26,0,0,13.9,187.54,19.7,9.2,67.3,95.78,"Rain, Partially cloudy"
"Gainesville, FL, United States",11/1/20,65.1,44.1,56.9,,,0,0,0,20.6,137.88,29.5,9.9,0,66.11,Clear
"Gainesville, FL, United States",11/2/20,71.1,41.1,54.8,40.6,,0,0,0,9.1,125.5,,9.9,0,65.19,Clear
"Gainesville, FL, United States",11/3/20,79,46.2,62.7,,,0,0,0,17.1,91.13,23.1,9.9,25.8,71.08,Partially cloudy
"Gainesville, FL, United States",11/4/20,79.1,60.2,68.8,,,0,0,0,17.1,47.96,20.7,9.9,47.8,83.56,Partially cloudy
"Gainesville, FL, United States",11/5/20,82.1,66.8,71.6,,85,0,0,0,16,38.67,24.2,9.7,73.3,89.06,Partially cloudy
"Gainesville, FL, United States",11/6/20,84.7,66.9,73.4,,88.7,0,0,0,17.1,60.83,29.5,9.5,58.5,85.95,Partially cloudy
"Gainesville, FL, United States",11/7/20,81,68,73.3,,83.8,0.03,0,0,20.6,54.29,27.7,9.9,36.4,87.12,"Rain, Partially cloudy"
"Gainesville, FL, United States",11/8/20,79,72,74,,,0.44,0,0,17.1,63.38,30.9,7.8,85.3,94.68,"Rain, Overcast"
"Gainesville, FL, United States",11/9/20,83,72,76,,93.1,0.34,0,0,21.7,87.42,36.7,9.2,73.4,94.76,"Rain, Partially cloudy"
"Gainesville, FL, United States",11/10/20,80.9,73.2,76.4,,87.9,0.2,0,0,16,96.92,24.2,9.3,86.2,97.41,"Rain, Overcast"
"Gainesville, FL, United States",11/11/20,78.2,71.9,74.3,,,0.48,0,0,26.3,205.33,42.4,7,82.4,95.52,"Rain, Overcast"
"Gainesville, FL, United States",11/12/20,73.2,61.1,67.9,,,0,0,0,6.9,299.46,,7.3,59.5,97.54,Partially cloudy
"Gainesville, FL, United States",11/13/20,79.1,57.9,67.2,,,0,0,0,9.1,97.63,,5.9,29.4,89.79,Partially cloudy
"Gainesville, FL, United States",11/14/20,84,61.2,70.4,,88.9,0.05,0,0,10.2,130.75,17.2,6.7,37.8,92.82,"Rain, Partially cloudy"
"Gainesville, FL, United States",11/15/20,77,57.9,68.1,,,0,0,0,11.4,252.13,17.9,6.6,24.8,75.33,Clear
"Gainesville, FL, United States",11/16/20,73.1,47.2,57.3,45.9,,0,0,0,11.4,233.88,16.1,9.9,0,56.08,Clear
"Gainesville, FL, United States",11/17/20,69.2,46.1,56.1,42.6,,0,0,0,19.6,97.92,28.1,9.9,0.2,59.74,Clear
"Gainesville, FL, United States",11/18/20,69.2,47.1,56.4,43.7,,0,0,0,14.8,160.92,19.7,9.9,61.8,81.81,Partially cloudy
"Gainesville, FL, United States",11/19/20,74,57.8,63.9,,,0,0,0,12.7,68.21,19.7,9,75.2,92.12,Overcast
"Gainesville, FL, United States",11/20/20,75.8,63,67.7,,,0.08,0,0,16,32.13,24.2,9.4,82.5,90.7,"Rain, Overcast"
"Gainesville, FL, United States",11/21/20,75.8,61.1,66.5,,,0.03,0,0,11.3,69.25,,9.5,89.1,93.97,"Rain, Overcast"
"Gainesville, FL, United States",11/22/20,74.9,55.2,65.7,,,0,0,0,11.4,255.58,18.3,9.1,45.4,84.02,Partially cloudy
"Gainesville, FL, United States",11/23/20,75.8,48,61.3,,,0,0,0,11.3,93.71,17.2,9.9,14.1,84.26,Clear
"Gainesville, FL, United States",11/24/20,80.1,56.1,66.6,,80.9,0,0,0,8,113.21,17.2,9.5,33.2,83.73,Partially cloudy
"Gainesville, FL, United States",11/25/20,80.9,57.9,68.2,,82.2,0,0,0,9.1,121.67,26.4,9.4,45.4,83.85,Partially cloudy
"Gainesville, FL, United States",11/26/20,81,57,67.3,,82,0,0,0,6.9,125.86,,9.9,5.9,84.83,Clear
"Gainesville, FL, United States",11/27/20,75.8,62.1,68.1,,,0,0,0,10.3,158.63,18.3,9.8,60.2,89.13,Partially cloudy
"Gainesville, FL, United States",11/28/20,72,62.1,65.8,,,0,0,0,8.1,89.42,,8.2,82.2,95.46,Overcast
"Gainesville, FL, United States",11/29/20,70.1,48,63.7,43.8,,0.36,0,0,22,250.04,30.3,9.3,59.3,78.03,"Rain, Partially cloudy"
"Gainesville, FL, United States",11/30/20,51.2,30.9,41.1,26.9,,0,0,0,13.7,293.25,20.8,9.9,1.1,67.04,Clear
"Gainesville, FL, United States",12/1/20,56.9,26.1,39.2,19.5,,0,0,0,10.2,140.33,17.2,9.9,0,71.21,Clear
"Gainesville, FL, United States",12/2/20,71.1,30,51.1,32,,0,0,0,12.7,96.38,16.1,9.9,16.7,77,Clear
"Gainesville, FL, United States",12/3/20,73.1,55.2,63.1,,,0,0,0,10.3,98.54,17.2,9.9,82.3,84.17,Overcast
"Gainesville, FL, United States",12/4/20,65,44.1,55.5,41.6,,0.09,0,0,13.6,299.33,27.7,9.9,21.1,77.77,Rain
"Gainesville, FL, United States",12/5/20,63,39.9,51.6,36.7,,0.05,0,0,9.1,194.92,,9.7,41.9,84.01,"Rain, Partially cloudy"
"Gainesville, FL, United States",12/6/20,64.1,43.2,54.1,40.4,,0.24,0,0,17.1,276.54,24.1,9.5,57.5,85.84,"Rain, Partially cloudy"
"Gainesville, FL, United States",12/7/20,54,35.1,43.1,28.6,,0,0,0,13.7,301.46,17.2,9.9,0,70.02,Clear
"Gainesville, FL, United States",12/8/20,62.1,32,45.3,26.5,,0,0,0,16,243.08,17.2,9.8,0,77.95,Clear
"Gainesville, FL, United States",12/9/20,70.1,38.9,52.1,41.7,,0,0,0,8,136.21,,8.1,9,82.66,Clear
"Gainesville, FL, United States",12/10/20,69.2,38.9,52.7,,,0,0,0,9.1,37.83,,8.9,6.2,82.31,Clear
"Gainesville, FL, United States",12/11/20,66.8,45,56.5,,,0,0,0,5.7,55.21,,8.8,71.7,95.52,Partially cloudy
"Gainesville, FL, United States",12/12/20,77,54.1,63.6,,,0,0,0,5.8,102.21,,4.8,27.9,89.23,Partially cloudy
"Gainesville, FL, United States",12/13/20,77,56.1,65.3,,,0.03,0,0,16.1,224.58,23.2,7.7,40.3,86.99,"Rain, Partially cloudy"
"Gainesville, FL, United States",12/14/20,71,51.1,59,,,0,0,0,10.2,158.42,,9.9,56.9,82.38,Partially cloudy
"Gainesville, FL, United States",12/15/20,66.8,52.1,56.1,,,0.82,0,0,10.3,115.96,,6.3,94.8,94.39,"Rain, Overcast"
"Gainesville, FL, United States",12/16/20,66.7,39.9,51.5,34.4,,0,0,0,12.7,311.71,20.8,8.8,65.5,83.1,Partially cloudy
"Gainesville, FL, United States",12/17/20,56.1,30.9,41.8,27.5,,0,0,0,12.6,161.88,19.7,9.4,11.5,71.53,Clear
"Gainesville, FL, United States",12/18/20,64.2,39.8,50.4,36.4,,0,0,0,10.2,89.63,,9.9,30.4,82.7,Partially cloudy
"Gainesville, FL, United States",12/19/20,71,46.2,57.7,,,0.03,0,0,9.2,106.42,24.2,7.1,75.1,91.23,"Rain, Overcast"
"Gainesville, FL, United States",12/20/20,65.9,46.2,59.1,47.1,,0.01,0,0,14.8,270.38,20.8,9.8,51.5,80.51,"Rain, Partially cloudy"
"Gainesville, FL, United States",12/21/20,69.2,41,53.1,36.6,,0,0,0,8,214.71,,8.4,0.3,73.33,Clear
"Gainesville, FL, United States",12/22/20,72,37.1,53.5,,,0,0,0,11.4,59.58,16.1,9.9,9.7,74.37,Clear
"Gainesville, FL, United States",12/23/20,77,50,61.7,,,0.51,0,0,21.9,137.58,54.3,9.1,57.3,81.62,"Rain, Partially cloudy"
"Gainesville, FL, United States",12/24/20,48.9,29.1,40.2,21.7,,0.07,0,0,16,290.96,24.2,9.9,12.3,55.12,Rain
"Gainesville, FL, United States",12/25/20,48.8,25.1,34.8,19.4,,0,0,0,9,204.88,,9.9,0,64.23,Clear
"Gainesville, FL, United States",12/26/20,63,25.1,42.9,39.1,,0,0,0,10.2,54.5,,9.9,0,69.97,Clear
"Gainesville, FL, United States",12/27/20,71.9,37.2,53,35,,0,0,0,6.9,44.88,,9.9,5,74.2,Clear
"Gainesville, FL, United States",12/28/20,71.9,39.9,54.5,,,0,0,0,12.6,75.96,,9.9,7.1,75.82,Clear
"Gainesville, FL, United States",12/29/20,75.8,46.3,60.3,,,0,0,0,12.6,57.38,18.3,8.5,37.8,83.65,Partially cloudy
"Gainesville, FL, United States",12/30/20,79.1,58,67.3,,,0,0,0,19.5,122.67,28.2,9.9,51.7,82.52,Partially cloudy
"Gainesville, FL, United States",9/1/20,84.8,74.9,78.1,,95.2,0.75,0,0,8.1,226,,8.2,32.5,95.04,"Rain, Partially cloudy"
"Gainesville, FL, United States",9/2/20,89.9,74.1,81.5,,103.4,0.08,0,0,8,165,,7.2,42.7,86.9,"Rain, Partially cloudy"
"Gainesville, FL, United States",9/3/20,91.2,74,82.2,,104.7,0,0,0,8,178.21,,9.6,28.3,86.68,Partially cloudy
"Gainesville, FL, United States",9/4/20,92.8,75.8,82.9,,106.9,0,0,0,19.4,125.29,25.3,9.9,38.2,84.68,Partially cloudy
"Gainesville, FL, United States",9/5/20,97,74.9,84.7,,104,0,0,0,9.1,66.13,,9.8,18.7,75.14,Clear
"Gainesville, FL, United States",9/6/20,92.9,73.2,80.3,,102.2,0,0,0,12.6,123.38,,9.4,31.7,85.47,Partially cloudy
"Gainesville, FL, United States",9/7/20,87.2,72,77.6,,95.6,0.2,0,0,17,65.46,24.2,9.7,20.9,89.19,Rain
"Gainesville, FL, United States",9/8/20,88.1,72,77.5,,96.8,0.11,0,0,9.2,44.83,18.3,9.6,23.3,89.72,Rain
"Gainesville, FL, United States",9/9/20,90,73.1,78,,100.3,1.79,0,0,11.8,67.75,26.3,7.6,71.3,91.37,"Rain, Partially cloudy"
"Gainesville, FL, United States",9/10/20,89.9,73.2,77.8,,101.4,0.74,0,0,12.6,101.67,21.9,8.7,34.3,94.04,"Rain, Partially cloudy"
"Gainesville, FL, United States",9/11/20,86,74.9,79.1,,98.5,0.28,0,0,18,52.33,23,8.8,31.6,95.18,"Rain, Partially cloudy"
"Gainesville, FL, United States",9/12/20,87.8,74.1,78.6,,100,0.42,0,0,15.9,61.67,39.2,9.4,21.5,93.24,Rain
"Gainesville, FL, United States",9/13/20,87.5,74.1,78,,99.5,0.11,0,0,19.4,91.42,24.1,9.6,30,92.73,"Rain, Partially cloudy"
"Gainesville, FL, United States",9/14/20,87.1,74.1,77,,96.6,1.03,0,0,13.8,73.92,27.7,9,21.5,95.03,Rain
"Gainesville, FL, United States",9/15/20,83,74.9,78.3,,92,0.14,0,0,9.1,71.58,,9.9,34.6,93.93,"Rain, Partially cloudy"
"Gainesville, FL, United States",9/16/20,87.2,74.9,79,,98.9,0.17,0,0,11.4,120.08,30,9.7,45.6,91.96,"Rain, Partially cloudy"
"Gainesville, FL, United States",9/17/20,83.9,75.9,78.8,,96,0.83,0,0,13.8,191.71,31.1,8.9,58.5,94.45,"Rain, Partially cloudy"
"Gainesville, FL, United States",9/18/20,86,72,78.4,,93.2,0,0,0,15.9,248.13,21.9,9.9,54.3,83.14,Partially cloudy
"Gainesville, FL, United States",9/19/20,75.9,71.9,73.5,,,0.09,0,0,12.6,90.25,21.9,7.9,85.3,95.62,"Rain, Overcast"
"Gainesville, FL, United States",9/20/20,73.2,66,70.4,,,0,0,0,18.2,20.42,27.6,9.4,96.4,93.39,Overcast
"Gainesville, FL, United States",9/21/20,83,68,73,,85.5,0,0,0,19.7,33.58,30.6,9.4,75.7,81.56,Overcast
"Gainesville, FL, United States",9/22/20,80.1,66,71.8,,81.9,0,0,0,17.1,122.75,25.2,9.9,61.5,77.64,Partially cloudy
"Gainesville, FL, United States",9/23/20,83.1,63,72.7,,85.2,0,0,0,8,62.54,,9.9,8.4,76.73,Clear
"Gainesville, FL, United States",9/24/20,88,66.9,76.4,,91,0,0,0,12.7,120.71,19.7,9.9,22.1,79.97,Clear
"Gainesville, FL, United States",9/25/20,89.9,70.1,79.4,,97.2,0,0,0,7,176.71,,9.7,18.7,82.66,Clear
"Gainesville, FL, United States",9/26/20,90,71.1,78.9,,98.3,0,0,0,10.2,211.29,,8.9,29.4,84.29,Partially cloudy
"Gainesville, FL, United States",9/27/20,83.1,72,75.9,,92.2,0.07,0,0,9,92.04,,8.1,37.5,95.51,"Rain, Partially cloudy"
"Gainesville, FL, United States",9/28/20,83,72,76.2,,90.3,0.01,0,0,8,153.13,20.8,9.9,33.7,93.52,"Rain, Partially cloudy"
"Gainesville, FL, United States",9/29/20,84.8,61.1,74,,92.3,0.18,0,0,17.1,231.63,34.4,9.6,56.4,92.35,"Rain, Partially cloudy"
"Gainesville, FL, United States",9/30/20,79,57,65.6,,,0,0,0,11.4,211.96,17.2,9.9,8.2,76.96,Clear
"Gainesville, FL, United States",10/1/20,80.9,51.2,65.1,,80.7,0,0,0,10.2,140.17,,9.9,0,77.89,Clear
"Gainesville, FL, United States",10/2/20,79,57.8,67.1,,,0,0,0,9.2,241.08,20.8,9.9,0,73.29,Clear
"Gainesville, FL, United States",10/3/20,77,60.2,67.5,,,0,0,0,13.8,76.42,19.7,9.9,31.9,76.43,Partially cloudy
"Gainesville, FL, United States",10/4/20,68,63,65.6,,,0.23,0,0,13.7,119.42,,8.5,86.6,94.22,"Rain, Overcast"
"Gainesville, FL, United States",10/5/20,73.2,66.8,69.7,,,0.09,0,0,11.3,29.38,17.2,7.6,99,99.46,"Rain, Overcast"
"Gainesville, FL, United States",10/6/20,89,71.9,77.2,,100.2,0,0,0,17.1,41.83,21.9,7.4,69.2,91.56,Partially cloudy
"Gainesville, FL, United States",10/7/20,89,73.1,78.1,,99.1,0,0,0,12.7,65.63,19.7,8,78.4,90.38,Overcast
"Gainesville, FL, United States",10/8/20,88,71.1,78.1,,96.8,0,0,0,10.1,47.04,,8.3,62.6,90.06,Partially cloudy
"Gainesville, FL, United States",10/9/20,86,74,77.9,,94.9,0.41,0,0,12.6,80.25,29.6,9.4,63.8,92.35,"Rain, Partially cloudy"
"Gainesville, FL, United States",10/10/20,88.1,70.1,77.3,,97.8,0.03,0,0,20.4,124.54,28.9,9,37.1,90.07,"Rain, Partially cloudy"
"Gainesville, FL, United States",10/11/20,87.1,73.1,78,,95.8,0.12,0,0,17.1,197.67,25.1,9.6,36.5,88,"Rain, Partially cloudy"
"Gainesville, FL, United States",10/12/20,83.9,69.1,75.3,,89.1,0,0,0,13.8,264.83,19.7,9.6,36,87.57,Partially cloudy
"Gainesville, FL, United States",10/13/20,87.2,66.4,75.4,,91.5,0,0,0,10.2,298.79,21.9,7.6,18.6,85.69,Clear
"Gainesville, FL, United States",10/14/20,88.1,66,76.1,,90.9,0,0,0,6.9,75.63,,7.5,26.1,81.96,Partially cloudy
"Gainesville, FL, United States",10/15/20,86,66,74.9,,89.3,0,0,0,7.9,133.5,,8.3,14.2,84.02,Clear
"Gainesville, FL, United States",10/16/20,88,66,75.4,,89.9,0,0,0,10.2,254.63,20.8,9.1,14.4,79.77,Clear
"Gainesville, FL, United States",10/17/20,80,59.1,69.7,,82.1,0,0,0,13.8,128.58,18.3,9.9,11.7,73.66,Clear
"Gainesville, FL, United States",10/18/20,83.1,63,72,,87.7,0,0,0,19.5,85.13,23,9.9,49.2,84.39,Partially cloudy
"Gainesville, FL, United States",10/19/20,86,69.2,74.9,,89.4,0.26,0,0,14.9,47.54,24.1,9.1,49.9,87.65,"Rain, Partially cloudy"
"Gainesville, FL, United States",10/20/20,83.9,72,75.5,,91,0.04,0,0,12.7,38.33,18.3,9.3,54.1,93.72,"Rain, Partially cloudy"
"Gainesville, FL, United States",10/21/20,83.8,71.1,75.6,,90.8,0.26,0,0,14.9,49.67,20.8,9.6,43.1,91.9,"Rain, Partially cloudy"
"Gainesville, FL, United States",10/22/20,82.1,71.1,74.5,,86.5,0.07,0,0,15.9,39.08,31.1,8.9,57.1,92.89,"Rain, Partially cloudy"
"Gainesville, FL, United States",10/23/20,83.9,70.1,73.9,,89.5,0.06,0,0,13.7,45.08,,9.7,46.8,92.3,"Rain, Partially cloudy"
"Gainesville, FL, United States",10/24/20,84.8,66.9,73.8,,88.8,0,0,0,10.2,87.04,21.9,9.9,41.3,85.94,Partially cloudy
"Gainesville, FL, United States",10/25/20,88.1,65.1,75.4,,94,0.01,0,0,10.2,114.08,,8.6,39,85.18,"Rain, Partially cloudy"
"Gainesville, FL, United States",10/26/20,86,66.9,75.4,,92.2,0,0,0,13.8,65.17,19.7,8.6,51.6,87.76,Partially cloudy
"Gainesville, FL, United States",10/27/20,84.9,73.1,77.9,,92.4,0,0,0,11.3,78.67,19.7,9.7,68.8,88.83,Partially cloudy
"Gainesville, FL, United States",10/28/20,87.2,70.1,78.3,,95.7,0,0,0,12.6,105.54,18.3,9.6,22.5,86.9,Clear
"Gainesville, FL, United States",10/29/20,87.2,71.1,77.5,,93.7,0.06,0,0,23.5,197.71,35.5,9.6,55.8,89.15,"Rain, Partially cloudy"
"Gainesville, FL, United States",10/30/20,72,53.1,63.3,,,0,0,0,12.7,252.92,16.1,9.9,0.1,72.77,Clear
"Gainesville, FL, United States",10/31/20,83.8,52.1,66.8,,84,0,0,0,11.4,104.58,19.7,9.9,5.7,81.64,Clear
"Gainesville, FL, United States",1/1/20,65.9,39,51,35.6,,0,0,0,6.8,263.29,,9.9,9.1,64.82,Clear
"Gainesville, FL, United States",1/2/20,77,46.1,60.5,44.9,,0,0,0,10.3,116.88,19.2,9.9,8,72.16,Clear
"Gainesville, FL, United States",1/3/20,83,63,72.9,,86.7,0,0,0,13.8,184.33,24.1,9.6,43.3,79.95,Partially cloudy
"Gainesville, FL, United States",1/4/20,73.1,56,68,,,0.68,0,0,16,237.46,28.9,9.3,51.4,81.07,"Rain, Partially cloudy"
"Gainesville, FL, United States",1/5/20,61.1,39,48.5,35.6,,0,0,0,12.7,278.42,21.9,9.9,0,57.43,Clear
"Gainesville, FL, United States",1/6/20,66.8,34.1,48.4,32.4,,0,0,0,6.9,219.46,,9.9,0,68.65,Clear
"Gainesville, FL, United States",1/7/20,71.9,37.1,53.2,,,0,0,0,18.3,175.5,27.5,9.9,17.4,75.9,Clear
"Gainesville, FL, United States",1/8/20,65,32.1,48.5,32.4,,0,0,0,12.6,189.46,17.2,9.9,0,62.99,Clear
"Gainesville, FL, United States",1/9/20,74.9,33.2,54.6,,,0,0,0,19.6,73.79,25.1,9.9,28.7,75.78,Partially cloudy
"Gainesville, FL, United States",1/10/20,79.1,51.4,65.7,,,0,0,0,16,84.21,23.1,9.7,40.8,80.28,Partially cloudy
"Gainesville, FL, United States",1/11/20,82.1,63,72.1,,84.6,0,0,0,18.2,153.75,28.2,9.2,67,83.19,Partially cloudy
"Gainesville, FL, United States",1/12/20,83.9,65.1,72.9,,85.7,0,0,0,13.8,163.13,19.7,8.9,61.1,82.47,Partially cloudy
"Gainesville, FL, United States",1/13/20,82.1,65.9,73,,83.6,0,0,0,10.3,99.79,,8.7,47,80.63,Partially cloudy
"Gainesville, FL, United States",1/14/20,80.9,56.9,67.8,,83,0,0,0,9.2,103.96,,7.9,29.2,85.75,Partially cloudy
"Gainesville, FL, United States",1/15/20,81,60.2,68.6,,82.8,0,0,0,10.2,192.5,,7.2,24.2,85.36,Clear
"Gainesville, FL, United States",1/16/20,78.2,57.8,67,,,0,0,0,10.3,182.54,,7.7,54,86.98,Partially cloudy
"Gainesville, FL, United States",1/17/20,70.1,55.2,62,,,0,0,0,19.7,47.54,30.9,9.8,38,66.71,Partially cloudy
"Gainesville, FL, United States",1/18/20,75.8,46.2,61.2,45.1,,0,0,0,16,89.58,20.7,9.7,17.8,77.5,Clear
"Gainesville, FL, United States",1/19/20,76.9,51.2,64.8,,,0.09,0,0,13.8,246.08,19.7,9.1,48.9,79.5,"Rain, Partially cloudy"
"Gainesville, FL, United States",1/20/20,56.9,37.1,45.8,31.7,,0,0,0,13.8,259.67,18.3,9.9,0,58.12,Clear
"Gainesville, FL, United States",1/21/20,48.8,32,39.5,24.8,,0,0,0,16.1,305.88,27.6,9.9,0,56.44,Clear
"Gainesville, FL, United States",1/22/20,55.2,30.8,43.7,22.5,,0,0,0,16,142.5,24,9.9,43.7,55.62,Partially cloudy
"Gainesville, FL, United States",1/23/20,64.2,50,56.1,,,0,0,0,11.3,37.17,,9.2,88.7,80.29,Overcast
"Gainesville, FL, United States",1/24/20,73.1,51.2,61.9,,,0,0,0,12.6,122.42,20.8,7.2,69.1,87.24,Partially cloudy
"Gainesville, FL, United States",1/25/20,65.9,44.1,55.3,41.5,,0,0,0,13.8,289.92,19.7,9,13.1,70.41,Clear
"Gainesville, FL, United States",1/26/20,65,37.1,51.8,34.8,,0,0,0,6.9,289.21,,9.9,22.2,66.94,Clear
"Gainesville, FL, United States",1/27/20,64.1,51.2,57,,,0,0,0,8,172.42,,9.9,87.4,70.65,Overcast
"Gainesville, FL, United States",1/28/20,65.9,41.1,53.1,43.8,,0,0,0,10.2,152.13,17.6,9.9,1.3,69.16,Clear
"Gainesville, FL, United States",1/29/20,59,35.1,48.6,,,0,0,0,9.1,106.38,,9.5,46.1,86.41,Partially cloudy
"Gainesville, FL, United States",1/30/20,61.1,52.1,54.8,,,0,0,0,14.9,87.92,21.8,8.6,99.8,87.42,Overcast
"Gainesville, FL, United States",1/31/20,69.1,51.2,58.8,,,0,0,0,10.2,127.29,,9.5,60.6,86.83,Partially cloudy
"Gainesville, FL, United States",2/1/20,61.1,50,54.1,46.3,,0,0,0,12.7,239.13,19.7,8.8,75.9,85.58,Overcast
"Gainesville, FL, United States",2/2/20,64.1,41,51.4,36.4,,0,0,0,13.8,281.79,21.9,9.8,3.2,68.06,Clear
"Gainesville, FL, United States",2/3/20,74.9,38.9,55.3,39.1,,0,0,0,11.3,211.08,,9.9,0.3,71.89,Clear
"Gainesville, FL, United States",2/4/20,72,42.1,56.2,40.5,,0,0,0,11.4,140.42,,9.7,9.6,80.53,Clear
"Gainesville, FL, United States",2/5/20,80,51.3,65.9,,81.3,0,0,0,16.1,106.13,21.8,9.4,36,78.98,Partially cloudy
"Gainesville, FL, United States",2/6/20,83.9,63,74.1,,86.1,0.89,0,0,30.5,208,44.2,9,70.3,75.27,"Rain, Partially cloudy"
"Gainesville, FL, United States",2/7/20,62.1,39,54.8,39.2,,0.38,0,0,24,250.38,34.9,9.9,23.1,57.31,Rain
"Gainesville, FL, United States",2/8/20,68,35,49.9,34.7,,0,0,0,9.1,135.63,16.1,9.9,0,59.57,Clear
"Gainesville, FL, United States",2/9/20,73.1,39.9,56,37.8,,0,0,0,13.9,87.29,20.8,9.9,0.1,70.91,Clear
"Gainesville, FL, United States",2/10/20,79.1,48,63.6,,,0,0,0,12.7,67.21,19.7,9.2,13.2,79.03,Clear
"Gainesville, FL, United States",2/11/20,82.1,60.2,71.3,,83.9,0,0,0,13.9,176.13,21.9,9.6,42.6,80.81,Partially cloudy
"Gainesville, FL, United States",2/12/20,82.1,63.1,72,,84.3,0,0,0,11.3,201.88,19.7,7.8,58.2,86.16,Partially cloudy
"Gainesville, FL, United States",2/13/20,83.9,60.3,70.4,,86.5,0.02,0,0,23.9,196.83,31.8,7.2,56,88.35,"Rain, Partially cloudy"
"Gainesville, FL, United States",2/14/20,66.8,47.1,57.1,46.1,,0.03,0,0,11.3,182,21.9,9.6,76.6,92.26,"Rain, Overcast"
"Gainesville, FL, United States",2/15/20,71.1,43.1,55.8,37.9,,0,0,0,16.1,49.33,24.1,9.9,20.4,76.04,Clear
"Gainesville, FL, United States",2/16/20,77,48.9,60.9,,,0.05,0,0,18,111.42,28.9,8.6,52.1,86.8,"Rain, Partially cloudy"
"Gainesville, FL, United States",2/17/20,69.3,57,62.5,,,0,0,0,9,82.5,,6.7,76.4,95.73,Overcast
"Gainesville, FL, United States",2/18/20,83.9,60.2,69,,86.1,0,0,0,11.4,144.25,18.3,6.3,44.9,84.91,Partially cloudy
"Gainesville, FL, United States",2/19/20,80.1,63,69.5,,81.7,0,0,0,8,195.42,17.2,9.3,49.4,86.23,Partially cloudy
"Gainesville, FL, United States",2/20/20,74.1,50.1,64.3,,,0.04,0,0,14.8,93.88,20.8,9.4,98,88.43,"Rain, Overcast"
"Gainesville, FL, United States",2/21/20,48.9,39,43.3,32,,0.03,0,0,18.2,17.92,27.6,8.8,72.7,83.1,"Rain, Partially cloudy"
"Gainesville, FL, United States",2/22/20,62.1,34,45.9,25.7,,0,0,0,16,147.38,21.9,9.9,2.6,70.22,Clear
"Gainesville, FL, United States",2/23/20,71.9,39,55.1,36.6,,0,0,0,9,108.63,,9.9,30.6,72.94,Partially cloudy
"Gainesville, FL, United States",2/24/20,77,48.9,63,,,0,0,0,13.8,113.79,21.9,9.9,51.7,72.83,Partially cloudy
"Gainesville, FL, United States",2/25/20,69.2,62.1,64.6,,,0.65,0,0,20.5,171.38,28.9,8.7,84.8,90.35,"Rain, Overcast"
"Gainesville, FL, United States",2/26/20,70,54,61.9,,,0.7,0,0,18.2,254.04,26.4,6.9,75.2,95.14,"Rain, Overcast"
"Gainesville, FL, United States",2/27/20,56.1,37.2,47.7,32.6,,0,0,0,11.5,304.38,24.2,9.9,0.1,65.87,Clear
"Gainesville, FL, United States",2/28/20,60.2,32.1,45.9,27.9,,0,0,0,13.8,282.46,19.7,9.9,0,61.3,Clear
"Gainesville, FL, United States",2/29/20,64.1,39.9,50.9,38.4,,0,0,0,18.3,282.25,35.5,9.9,0.1,59.18,Clear
"Gainesville, FL, United States",3/1/20,69.2,33.2,51.5,,,0,0,0,10.2,88.63,16.1,9.9,0,59.18,Clear
"Gainesville, FL, United States",3/2/20,74.9,44.1,61,42.7,,0,0,0,17.1,159.54,28.8,9.9,38.7,65.48,Partially cloudy
"Gainesville, FL, United States",3/3/20,79,59,69.1,,,0,0,0,20.7,209.75,30,9.9,41.8,71.9,Partially cloudy
"Gainesville, FL, United States",3/4/20,83,60.2,72.5,,85.5,0,0,0,17.2,209.21,29.9,8.8,20,80.55,Clear
"Gainesville, FL, United States",3/5/20,83,68,73.7,,87.1,0.05,0,0,21.9,221.46,40.1,8.2,87.9,87.48,"Rain, Overcast"
"Gainesville, FL, United States",3/6/20,69.2,51.2,61.1,,,0,0,0,15,319.21,26.3,9.9,37.9,60.05,Partially cloudy
"Gainesville, FL, United States",3/7/20,62.1,39.8,50.3,35.7,,0,0,0,17.1,128.13,23,9.9,1.1,47.25,Clear
"Gainesville, FL, United States",3/8/20,69.2,34.1,53.6,29.9,,0,0,0,12.8,123.96,21.8,9.9,18.7,71.11,Clear
"Gainesville, FL, United States",3/9/20,75.8,48,62.7,,,0,0,0,18.2,76.29,21.9,9.9,58.7,70.35,Partially cloudy
"Gainesville, FL, United States",3/10/20,77,54.1,66.3,,,0,0,0,10.2,112.08,17.2,9.9,34.1,73.41,Partially cloudy
"Gainesville, FL, United States",3/11/20,78.2,52.1,66.2,,,0,0,0,11.4,167.46,18.3,9.8,22.3,70.68,Clear
"Gainesville, FL, United States",3/12/20,80.1,51.2,65.8,,80.4,0,0,0,8,167.21,,9.9,12.8,72.41,Clear
"Gainesville, FL, United States",3/13/20,83.9,51.2,67.2,,82.2,0,0,0,9.7,184.79,13,9.9,0.2,68.12,Clear
"Gainesville, FL, United States",3/14/20,84.8,55.1,69.7,,84.1,0,0,0,8,81,16.1,9.9,10.8,69.64,Clear
"Gainesville, FL, United States",3/15/20,87.1,56,71.3,,86.2,0,0,0,9.1,157.88,,9.9,16.3,70.1,Clear
"Gainesville, FL, United States",3/16/20,81,65,71.3,,82.3,0,0,0,12.7,76.67,18.3,9.5,61.9,78.56,Partially cloudy
"Gainesville, FL, United States",3/17/20,82.1,62.1,71.2,,83,0,0,0,11.3,160.54,,7.9,40.9,78.1,Partially cloudy
"Gainesville, FL, United States",3/18/20,86,62,73,,85.8,0,0,0,11.3,106.17,16.5,9.3,16.7,73.87,Clear
"Gainesville, FL, United States",3/19/20,86,57.9,72.7,,86.2,0,0,0,13.8,103,20.8,8.3,11.6,73.94,Clear
"Gainesville, FL, United States",3/20/20,84.8,62.1,72.9,,85.1,0,0,0,9.1,165.54,9.2,9.4,27.2,74.65,Partially cloudy
"Gainesville, FL, United States",3/21/20,84.8,57.9,72,,85.1,0,0,0,12.7,193.13,17.3,9.9,25.4,72.9,Partially cloudy
"Gainesville, FL, United States",3/22/20,84.8,60.2,71.7,,84.2,0,0,0,8,163.46,16.1,8.2,34.9,77.89,Partially cloudy
"Gainesville, FL, United States",3/23/20,85.9,65.9,74,,86.5,0,0,0,12.7,171.88,19.7,8.8,47.4,74.92,Partially cloudy
"Gainesville, FL, United States",3/24/20,83.9,57,70.8,,84.3,0,0,0,18.2,196.83,27.6,8.4,34.1,75.9,Partially cloudy
"Gainesville, FL, United States",3/25/20,84.8,68,74.6,,87,0,0,0,19.5,237.04,29.5,9.7,47,80.08,Partially cloudy
"Gainesville, FL, United States",3/26/20,86,65.1,74.4,,85.9,0,0,0,11.2,167.46,,7.9,49,79.33,Partially cloudy
"Gainesville, FL, United States",3/27/20,87.2,59.1,73.4,,88,0,0,0,9.2,149.88,17.2,6.7,26.8,75.06,Partially cloudy
"Gainesville, FL, United States",3/28/20,92,57.9,74.4,,91.8,0,0,0,16,171.67,23,9.7,0,69.01,Clear
"Gainesville, FL, United States",3/29/20,89.1,61.2,75,,91.7,0,0,0,11.4,240.08,18.3,7.7,21.9,76.74,Clear
"Gainesville, FL, United States",3/30/20,87.6,62.1,73.8,,89,0,0,0,14.8,197.88,18.3,8.3,10.1,76.42,Clear