"","Name","Date.time","Maximum.Temperature","Minimum.Temperature","Temperature","Wind.Chill","Heat.Index","Precipitation","Snow","Snow.Depth","Wind.Speed","Wind.Direction","Wind.Gust","Visibility","Cloud.Cover","Relative.Humidity","Conditions","day","yday","emergence"
"1","Gainesville, FL, United States","1/1/20",65.9,39,51,35.6,NA,0,0,0,6.8,263.29,NA,9.9,9.1,64.82,"Clear",2020-01-01,1,0
"2","Gainesville, FL, United States","1/2/20",77,46.1,60.5,44.9,NA,0,0,0,10.3,116.88,19.2,9.9,8,72.16,"Clear",2020-01-02,2,9856
"3","Gainesville, FL, United States","1/3/20",83,63,72.9,NA,86.7,0,0,0,13.8,184.33,24.1,9.6,43.3,79.95,"Partially cloudy",2020-01-03,3,73455
"4","Gainesville, FL, United States","1/4/20",73.1,56,68,NA,NA,0.68,0,0,16,237.46,28.9,9.3,51.4,81.07,"Rain, Partially cloudy",2020-01-04,4,6720
"5","Gainesville, FL, United States","1/5/20",61.1,39,48.5,35.6,NA,0,0,0,12.7,278.42,21.9,9.9,0,57.43,"Clear",2020-01-05,5,0
"6","Gainesville, FL, United States","1/6/20",66.8,34.1,48.4,32.4,NA,0,0,0,6.9,219.46,NA,9.9,0,68.65,"Clear",2020-01-06,6,0
"7","Gainesville, FL, United States","1/7/20",71.9,37.1,53.2,NA,NA,0,0,0,18.3,175.5,27.5,9.9,17.4,75.9,"Clear",2020-01-07,7,0
"8","Gainesville, FL, United States","1/8/20",65,32.1,48.5,32.4,NA,0,0,0,12.6,189.46,17.2,9.9,0,62.99,"Clear",2020-01-08,8,0
"9","Gainesville, FL, United States","1/9/20",74.9,33.2,54.6,NA,NA,0,0,0,19.6,73.79,25.1,9.9,28.7,75.78,"Partially cloudy",2020-01-09,9,0
"10","Gainesville, FL, United States","1/10/20",79.1,51.4,65.7,NA,NA,0,0,0,16,84.21,23.1,9.7,40.8,80.28,"Partially cloudy",2020-01-10,10,13908
"11","Gainesville, FL, United States","1/11/20",82.1,63,72.1,NA,84.6,0,0,0,18.2,153.75,28.2,9.2,67,83.19,"Partially cloudy",2020-01-11,11,7865
"12","Gainesville, FL, United States","1/12/20",83.9,65.1,72.9,NA,85.7,0,0,0,13.8,163.13,19.7,8.9,61.1,82.47,"Partially cloudy",2020-01-12,12,78673
"13","Gainesville, FL, United States","1/13/20",82.1,65.9,73,NA,83.6,0,0,0,10.3,99.79,NA,8.7,47,80.63,"Partially cloudy",2020-01-13,13,67982
"14","Gainesville, FL, United States","1/14/20",80.9,56.9,67.8,NA,83,0,0,0,9.2,103.96,NA,7.9,29.2,85.75,"Partially cloudy",2020-01-14,14,34369
"15","Gainesville, FL, United States","1/15/20",81,60.2,68.6,NA,82.8,0,0,0,10.2,192.5,NA,7.2,24.2,85.36,"Clear",2020-01-15,15,66034
"16","Gainesville, FL, United States","1/16/20",78.2,57.8,67,NA,NA,0,0,0,10.3,182.54,NA,7.7,54,86.98,"Partially cloudy",2020-01-16,16,32761
"17","Gainesville, FL, United States","1/17/20",70.1,55.2,62,NA,NA,0,0,0,19.7,47.54,30.9,9.8,38,66.71,"Partially cloudy",2020-01-17,17,3102
"18","Gainesville, FL, United States","1/18/20",75.8,46.2,61.2,45.1,NA,0,0,0,16,89.58,20.7,9.7,17.8,77.5,"Clear",2020-01-18,18,4802
"19","Gainesville, FL, United States","1/19/20",76.9,51.2,64.8,NA,NA,0.09,0,0,13.8,246.08,19.7,9.1,48.9,79.5,"Rain, Partially cloudy",2020-01-19,19,14787
"20","Gainesville, FL, United States","1/20/20",56.9,37.1,45.8,31.7,NA,0,0,0,13.8,259.67,18.3,9.9,0,58.12,"Clear",2020-01-20,20,0
"21","Gainesville, FL, United States","1/21/20",48.8,32,39.5,24.8,NA,0,0,0,16.1,305.88,27.6,9.9,0,56.44,"Clear",2020-01-21,21,0
"22","Gainesville, FL, United States","1/22/20",55.2,30.8,43.7,22.5,NA,0,0,0,16,142.5,24,9.9,43.7,55.62,"Partially cloudy",2020-01-22,22,0
"23","Gainesville, FL, United States","1/23/20",64.2,50,56.1,NA,NA,0,0,0,11.3,37.17,NA,9.2,88.7,80.29,"Overcast",2020-01-23,23,289
"24","Gainesville, FL, United States","1/24/20",73.1,51.2,61.9,NA,NA,0,0,0,12.6,122.42,20.8,7.2,69.1,87.24,"Partially cloudy",2020-01-24,24,27281
"25","Gainesville, FL, United States","1/25/20",65.9,44.1,55.3,41.5,NA,0,0,0,13.8,289.92,19.7,9,13.1,70.41,"Clear",2020-01-25,25,93
"26","Gainesville, FL, United States","1/26/20",65,37.1,51.8,34.8,NA,0,0,0,6.9,289.21,NA,9.9,22.2,66.94,"Clear",2020-01-26,26,0
"27","Gainesville, FL, United States","1/27/20",64.1,51.2,57,NA,NA,0,0,0,8,172.42,NA,9.9,87.4,70.65,"Overcast",2020-01-27,27,353
"28","Gainesville, FL, United States","1/28/20",65.9,41.1,53.1,43.8,NA,0,0,0,10.2,152.13,17.6,9.9,1.3,69.16,"Clear",2020-01-28,28,110
"29","Gainesville, FL, United States","1/29/20",59,35.1,48.6,NA,NA,0,0,0,9.1,106.38,NA,9.5,46.1,86.41,"Partially cloudy",2020-01-29,29,0
"30","Gainesville, FL, United States","1/30/20",61.1,52.1,54.8,NA,NA,0,0,0,14.9,87.92,21.8,8.6,99.8,87.42,"Overcast",2020-01-30,30,337
"31","Gainesville, FL, United States","1/31/20",69.1,51.2,58.8,NA,NA,0,0,0,10.2,127.29,NA,9.5,60.6,86.83,"Partially cloudy",2020-01-31,31,31685
"32","Gainesville, FL, United States","2/1/20",61.1,50,54.1,46.3,NA,0,0,0,12.7,239.13,19.7,8.8,75.9,85.58,"Overcast",2020-02-01,32,252
"33","Gainesville, FL, United States","2/2/20",64.1,41,51.4,36.4,NA,0,0,0,13.8,281.79,21.9,9.8,3.2,68.06,"Clear",2020-02-02,33,74
"34","Gainesville, FL, United States","2/3/20",74.9,38.9,55.3,39.1,NA,0,0,0,11.3,211.08,NA,9.9,0.3,71.89,"Clear",2020-02-03,34,0
"35","Gainesville, FL, United States","2/4/20",72,42.1,56.2,40.5,NA,0,0,0,11.4,140.42,NA,9.7,9.6,80.53,"Clear",2020-02-04,35,10655
"36","Gainesville, FL, United States","2/5/20",80,51.3,65.9,NA,81.3,0,0,0,16.1,106.13,21.8,9.4,36,78.98,"Partially cloudy",2020-02-05,36,16254
"37","Gainesville, FL, United States","2/6/20",83.9,63,74.1,NA,86.1,0.89,0,0,30.5,208,44.2,9,70.3,75.27,"Rain, Partially cloudy",2020-02-06,37,412
"38","Gainesville, FL, United States","2/7/20",62.1,39,54.8,39.2,NA,0.38,0,0,24,250.38,34.9,9.9,23.1,57.31,"Rain",2020-02-07,38,0
"39","Gainesville, FL, United States","2/8/20",68,35,49.9,34.7,NA,0,0,0,9.1,135.63,16.1,9.9,0,59.57,"Clear",2020-02-08,39,0
"40","Gainesville, FL, United States","2/9/20",73.1,39.9,56,37.8,NA,0,0,0,13.9,87.29,20.8,9.9,0.1,70.91,"Clear",2020-02-09,40,0
"41","Gainesville, FL, United States","2/10/20",79.1,48,63.6,NA,NA,0,0,0,12.7,67.21,19.7,9.2,13.2,79.03,"Clear",2020-02-10,41,9952
"42","Gainesville, FL, United States","2/11/20",82.1,60.2,71.3,NA,83.9,0,0,0,13.9,176.13,21.9,9.6,42.6,80.81,"Partially cloudy",2020-02-11,42,77982
"43","Gainesville, FL, United States","2/12/20",82.1,63.1,72,NA,84.3,0,0,0,11.3,201.88,19.7,7.8,58.2,86.16,"Partially cloudy",2020-02-12,43,92035
"44","Gainesville, FL, United States","2/13/20",83.9,60.3,70.4,NA,86.5,0.02,0,0,23.9,196.83,31.8,7.2,56,88.35,"Rain, Partially cloudy",2020-02-13,44,678
"45","Gainesville, FL, United States","2/14/20",66.8,47.1,57.1,46.1,NA,0.03,0,0,11.3,182,21.9,9.6,76.6,92.26,"Rain, Overcast",2020-02-14,45,78
"46","Gainesville, FL, United States","2/15/20",71.1,43.1,55.8,37.9,NA,0,0,0,16.1,49.33,24.1,9.9,20.4,76.04,"Clear",2020-02-15,46,5289
"47","Gainesville, FL, United States","2/16/20",77,48.9,60.9,NA,NA,0.05,0,0,18,111.42,28.9,8.6,52.1,86.8,"Rain, Partially cloudy",2020-02-16,47,456
"48","Gainesville, FL, United States","2/17/20",69.3,57,62.5,NA,NA,0,0,0,9,82.5,NA,6.7,76.4,95.73,"Overcast",2020-02-17,48,29116
"49","Gainesville, FL, United States","2/18/20",83.9,60.2,69,NA,86.1,0,0,0,11.4,144.25,18.3,6.3,44.9,84.91,"Partially cloudy",2020-02-18,49,74945
"50","Gainesville, FL, United States","2/19/20",80.1,63,69.5,NA,81.7,0,0,0,8,195.42,17.2,9.3,49.4,86.23,"Partially cloudy",2020-02-19,50,76996
"51","Gainesville, FL, United States","2/20/20",74.1,50.1,64.3,NA,NA,0.04,0,0,14.8,93.88,20.8,9.4,98,88.43,"Rain, Overcast",2020-02-20,51,27065
"52","Gainesville, FL, United States","2/21/20",48.9,39,43.3,32,NA,0.03,0,0,18.2,17.92,27.6,8.8,72.7,83.1,"Rain, Partially cloudy",2020-02-21,52,0
"53","Gainesville, FL, United States","2/22/20",62.1,34,45.9,25.7,NA,0,0,0,16,147.38,21.9,9.9,2.6,70.22,"Clear",2020-02-22,53,0
"54","Gainesville, FL, United States","2/23/20",71.9,39,55.1,36.6,NA,0,0,0,9,108.63,NA,9.9,30.6,72.94,"Partially cloudy",2020-02-23,54,0
"55","Gainesville, FL, United States","2/24/20",77,48.9,63,NA,NA,0,0,0,13.8,113.79,21.9,9.9,51.7,72.83,"Partially cloudy",2020-02-24,55,7622
"56","Gainesville, FL, United States","2/25/20",69.2,62.1,64.6,NA,NA,0.65,0,0,20.5,171.38,28.9,8.7,84.8,90.35,"Rain, Overcast",2020-02-25,56,339
"57","Gainesville, FL, United States","2/26/20",70,54,61.9,NA,NA,0.7,0,0,18.2,254.04,26.4,6.9,75.2,95.14,"Rain, Overcast",2020-02-26,57,1394
"58","Gainesville, FL, United States","2/27/20",56.1,37.2,47.7,32.6,NA,0,0,0,11.5,304.38,24.2,9.9,0.1,65.87,"Clear",2020-02-27,58,0
"59","Gainesville, FL, United States","2/28/20",60.2,32.1,45.9,27.9,NA,0,0,0,13.8,282.46,19.7,9.9,0,61.3,"Clear",2020-02-28,59,0
"60","Gainesville, FL, United States","2/29/20",64.1,39.9,50.9,38.4,NA,0,0,0,18.3,282.25,35.5,9.9,0.1,59.18,"Clear",2020-02-29,60,0
"61","Gainesville, FL, United States","3/1/20",69.2,33.2,51.5,NA,NA,0,0,0,10.2,88.63,16.1,9.9,0,59.18,"Clear",2020-03-01,61,0
"62","Gainesville, FL, United States","3/2/20",74.9,44.1,61,42.7,NA,0,0,0,17.1,159.54,28.8,9.9,38.7,65.48,"Partially cloudy",2020-03-02,62,855
"63","Gainesville, FL, United States","3/3/20",79,59,69.1,NA,NA,0,0,0,20.7,209.75,30,9.9,41.8,71.9,"Partially cloudy",2020-03-03,63,383
"64","Gainesville, FL, United States","3/4/20",83,60.2,72.5,NA,85.5,0,0,0,17.2,209.21,29.9,8.8,20,80.55,"Clear",2020-03-04,64,8189
"65","Gainesville, FL, United States","3/5/20",83,68,73.7,NA,87.1,0.05,0,0,21.9,221.46,40.1,8.2,87.9,87.48,"Rain, Overcast",2020-03-05,65,385
"66","Gainesville, FL, United States","3/6/20",69.2,51.2,61.1,NA,NA,0,0,0,15,319.21,26.3,9.9,37.9,60.05,"Partially cloudy",2020-03-06,66,17975
"67","Gainesville, FL, United States","3/7/20",62.1,39.8,50.3,35.7,NA,0,0,0,17.1,128.13,23,9.9,1.1,47.25,"Clear",2020-03-07,67,0
"68","Gainesville, FL, United States","3/8/20",69.2,34.1,53.6,29.9,NA,0,0,0,12.8,123.96,21.8,9.9,18.7,71.11,"Clear",2020-03-08,68,0
"69","Gainesville, FL, United States","3/9/20",75.8,48,62.7,NA,NA,0,0,0,18.2,76.29,21.9,9.9,58.7,70.35,"Partially cloudy",2020-03-09,69,1116
"70","Gainesville, FL, United States","3/10/20",77,54.1,66.3,NA,NA,0,0,0,10.2,112.08,17.2,9.9,34.1,73.41,"Partially cloudy",2020-03-10,70,32994
"71","Gainesville, FL, United States","3/11/20",78.2,52.1,66.2,NA,NA,0,0,0,11.4,167.46,18.3,9.8,22.3,70.68,"Clear",2020-03-11,71,29419
"72","Gainesville, FL, United States","3/12/20",80.1,51.2,65.8,NA,80.4,0,0,0,8,167.21,NA,9.9,12.8,72.41,"Clear",2020-03-12,72,31201
"73","Gainesville, FL, United States","3/13/20",83.9,51.2,67.2,NA,82.2,0,0,0,9.7,184.79,13,9.9,0.2,68.12,"Clear",2020-03-13,73,31942
"74","Gainesville, FL, United States","3/14/20",84.8,55.1,69.7,NA,84.1,0,0,0,8,81,16.1,9.9,10.8,69.64,"Clear",2020-03-14,74,32181
"75","Gainesville, FL, United States","3/15/20",87.1,56,71.3,NA,86.2,0,0,0,9.1,157.88,NA,9.9,16.3,70.1,"Clear",2020-03-15,75,31358
"76","Gainesville, FL, United States","3/16/20",81,65,71.3,NA,82.3,0,0,0,12.7,76.67,18.3,9.5,61.9,78.56,"Partially cloudy",2020-03-16,76,68336
"77","Gainesville, FL, United States","3/17/20",82.1,62.1,71.2,NA,83,0,0,0,11.3,160.54,NA,7.9,40.9,78.1,"Partially cloudy",2020-03-17,77,74646
"78","Gainesville, FL, United States","3/18/20",86,62,73,NA,85.8,0,0,0,11.3,106.17,16.5,9.3,16.7,73.87,"Clear",2020-03-18,78,69166
"79","Gainesville, FL, United States","3/19/20",86,57.9,72.7,NA,86.2,0,0,0,13.8,103,20.8,8.3,11.6,73.94,"Clear",2020-03-19,79,30312
"80","Gainesville, FL, United States","3/20/20",84.8,62.1,72.9,NA,85.1,0,0,0,9.1,165.54,9.2,9.4,27.2,74.65,"Partially cloudy",2020-03-20,80,85859
"81","Gainesville, FL, United States","3/21/20",84.8,57.9,72,NA,85.1,0,0,0,12.7,193.13,17.3,9.9,25.4,72.9,"Partially cloudy",2020-03-21,81,30797
"82","Gainesville, FL, United States","3/22/20",84.8,60.2,71.7,NA,84.2,0,0,0,8,163.46,16.1,8.2,34.9,77.89,"Partially cloudy",2020-03-22,82,61446
"83","Gainesville, FL, United States","3/23/20",85.9,65.9,74,NA,86.5,0,0,0,12.7,171.88,19.7,8.8,47.4,74.92,"Partially cloudy",2020-03-23,83,77958
"84","Gainesville, FL, United States","3/24/20",83.9,57,70.8,NA,84.3,0,0,0,18.2,196.83,27.6,8.4,34.1,75.9,"Partially cloudy",2020-03-24,84,3126
"85","Gainesville, FL, United States","3/25/20",84.8,68,74.6,NA,87,0,0,0,19.5,237.04,29.5,9.7,47,80.08,"Partially cloudy",2020-03-25,85,7933
"86","Gainesville, FL, United States","3/26/20",86,65.1,74.4,NA,85.9,0,0,0,11.2,167.46,NA,7.9,49,79.33,"Partially cloudy",2020-03-26,86,69639
"87","Gainesville, FL, United States","3/27/20",87.2,59.1,73.4,NA,88,0,0,0,9.2,149.88,17.2,6.7,26.8,75.06,"Partially cloudy",2020-03-27,87,30443
"88","Gainesville, FL, United States","3/28/20",92,57.9,74.4,NA,91.8,0,0,0,16,171.67,23,9.7,0,69.01,"Clear",2020-03-28,88,15858
"89","Gainesville, FL, United States","3/29/20",89.1,61.2,75,NA,91.7,0,0,0,11.4,240.08,18.3,7.7,21.9,76.74,"Clear",2020-03-29,89,84913
"90","Gainesville, FL, United States","3/30/20",87.6,62.1,73.8,NA,89,0,0,0,14.8,197.88,18.3,8.3,10.1,76.42,"Clear",2020-03-30,90,296284
"91","Gainesville, FL, United States","4/1/20",71,51.2,59.9,NA,NA,0,0,0,12.7,306.21,24.2,9.9,0.1,68.29,"Clear",2020-04-01,92,101157
"92","Gainesville, FL, United States","4/2/20",74.9,42.3,59.1,NA,NA,0,0,0,11.2,175.54,NA,9.9,0,68.57,"Clear",2020-04-02,93,31814
"93","Gainesville, FL, United States","4/3/20",81,44.1,62.6,NA,79.5,0,0,0,8,118.79,NA,9.9,0,64.17,"Clear",2020-04-03,94,35937
"94","Gainesville, FL, United States","4/4/20",82.1,50.1,66.7,NA,80.6,0,0,0,6.9,185.88,NA,9.9,0,61.34,"Clear",2020-04-04,95,115688
"95","Gainesville, FL, United States","4/5/20",70,61.1,64.8,NA,NA,0.06,0,0,8,133.75,NA,9.1,67.2,83.12,"Rain, Partially cloudy",2020-04-05,96,121614
"96","Gainesville, FL, United States","4/6/20",80.9,55.2,67.9,NA,81.4,0,0,0,11.3,133.96,19.7,9.2,28.2,76.46,"Partially cloudy",2020-04-06,97,106683
"97","Gainesville, FL, United States","4/7/20",84.8,57,71,NA,84.4,0,0,0,12.6,115.79,18.3,9.8,17.8,71.53,"Clear",2020-04-07,98,102558
"98","Gainesville, FL, United States","4/8/20",84.8,61.1,73.8,NA,88.1,0,0,0,17.1,267,23,9.9,51.1,81.38,"Partially cloudy",2020-04-08,99,25517
"99","Gainesville, FL, United States","4/9/20",89,73.1,78.9,NA,92,0,0,0,19.5,253.33,25.2,9.8,53.1,74.88,"Partially cloudy",2020-04-09,100,32806
"100","Gainesville, FL, United States","4/10/20",75.8,61.1,69.7,NA,NA,0,0,0,16,279.13,26.4,8.5,34,66.02,"Partially cloudy",2020-04-10,101,139276
"101","Gainesville, FL, United States","4/11/20",80.1,45.1,63.9,NA,79.4,0,0,0,11.2,120.04,16.1,9.9,0,57.15,"Clear",2020-04-11,102,32124
"102","Gainesville, FL, United States","4/12/20",91.1,64.2,77.1,NA,93.3,0.02,0,0,17.1,144,24.1,9.7,30.5,74.63,"Rain, Partially cloudy",2020-04-12,103,21849
"103","Gainesville, FL, United States","4/13/20",84.8,75.9,79.2,NA,90.7,0.01,0,0,17.1,209.96,31.6,6.9,68.9,82.23,"Rain, Partially cloudy",2020-04-13,104,33320
"104","Gainesville, FL, United States","4/14/20",79.1,68.1,74.4,NA,NA,1.52,0,0,8,212.46,20.8,6.2,52.6,96.6,"Rain, Partially cloudy",2020-04-14,105,2900
"105","Gainesville, FL, United States","4/15/20",80.8,57,67.4,NA,85.5,0.85,0,0,15,242.75,28,6.6,83,96.87,"Rain, Overcast",2020-04-15,106,26568
"106","Gainesville, FL, United States","4/16/20",72,55.2,62.8,NA,NA,0.12,0,0,20.6,54.58,27.5,9.5,48,75.73,"Rain, Partially cloudy",2020-04-16,107,538
"107","Gainesville, FL, United States","4/17/20",81,52.1,66.6,NA,82.3,0,0,0,12.7,74.58,17.2,9.9,34.7,73.86,"Partially cloudy",2020-04-17,108,120505
"108","Gainesville, FL, United States","4/18/20",75.9,66,70.9,NA,NA,0.25,0,0,10.3,239.13,17.2,8.5,39.3,94.62,"Rain, Partially cloudy",2020-04-18,109,125772
"109","Gainesville, FL, United States","4/19/20",88.1,68.1,76.4,NA,91.5,0,0,0,20.7,233.42,29.8,8.6,40.9,81.3,"Partially cloudy",2020-04-19,110,2915
"110","Gainesville, FL, United States","4/20/20",83.9,65.9,76.6,NA,84.8,0.22,0,0,20.6,249.08,31.3,8.7,44,76.1,"Rain, Partially cloudy",2020-04-20,111,1234
"111","Gainesville, FL, United States","4/21/20",83,61,71.2,NA,81.3,0,0,0,11.3,269.5,18.3,9.9,0.5,65.99,"Clear",2020-04-21,112,283239
"112","Gainesville, FL, United States","4/22/20",81,55.2,69.5,NA,79.7,0,0,0,12.6,169.42,NA,9.6,0,61.31,"Clear",2020-04-22,113,94052
"113","Gainesville, FL, United States","4/23/20",89.9,61.2,73.8,NA,90.5,0.44,0,0,20.8,150.54,34.3,9.8,23.4,69.26,"Rain",2020-04-23,114,1098
"114","Gainesville, FL, United States","4/24/20",74.9,65.1,69.9,NA,NA,1.37,0,0,13.8,217.58,32.2,9,70.8,93.3,"Rain, Partially cloudy",2020-04-24,115,2424
"115","Gainesville, FL, United States","4/25/20",84.8,64.2,74.5,NA,89.4,0,0,0,14.9,220.63,23,8.4,59.9,85.58,"Partially cloudy",2020-04-25,116,259285
"116","Gainesville, FL, United States","4/26/20",81,64.2,73,NA,81.2,0,0,0,13.9,268.38,23,8.8,31.5,72.88,"Partially cloudy",2020-04-26,117,301426
"117","Gainesville, FL, United States","4/27/20",75.8,52.1,63.6,NA,NA,0,0,0,12.8,244.63,21.9,9.9,0,60.17,"Clear",2020-04-27,118,106540
"118","Gainesville, FL, United States","4/28/20",81,48.9,65.8,NA,80.4,0,0,0,10.2,86.5,16.1,9.9,0,68.34,"Clear",2020-04-28,119,31984
"119","Gainesville, FL, United States","4/29/20",83.9,60.2,72.7,NA,84,0,0,0,16.1,161,25.1,9.9,15.6,67.48,"Clear",2020-04-29,120,133513
"120","Gainesville, FL, United States","4/30/20",78.1,61.1,69.7,NA,NA,0.42,0,0,19.6,242.04,33.6,9.7,48.2,72.89,"Rain, Partially cloudy",2020-04-30,121,12856
"121","Gainesville, FL, United States","5/1/20",78.2,48.9,65.2,48.2,NA,0,0,0,14.9,270.92,21.9,9.9,8.7,62.19,"Clear",2020-05-01,122,31783
"122","Gainesville, FL, United States","5/2/20",83.1,50,67.8,NA,81.3,0,0,0,5.8,143.58,NA,9.9,0,61.97,"Clear",2020-05-02,123,122223
"123","Gainesville, FL, United States","5/3/20",84.8,56.9,71.5,NA,84.5,0,0,0,9.1,149.83,16.1,9.9,0,68.21,"Clear",2020-05-03,124,106900
"124","Gainesville, FL, United States","5/4/20",84.9,59,71.9,NA,85.1,0,0,0,12.6,248.13,NA,9.8,0.2,72.53,"Clear",2020-05-04,125,118140
"125","Gainesville, FL, United States","5/5/20",86,62.9,72.7,NA,87.4,0,0,0,14.9,272.67,20.8,8.8,33.2,78.8,"Partially cloudy",2020-05-05,126,301161
"126","Gainesville, FL, United States","5/6/20",83.9,64.3,73.6,NA,86.4,0,0,0,14.9,278.21,23,9.9,16.8,71.84,"Clear",2020-05-06,127,289558
"127","Gainesville, FL, United States","5/7/20",72,50.2,62.3,NA,NA,0,0,0,13.8,187.79,21.9,9.9,0,50.13,"Clear",2020-05-07,128,100790
"128","Gainesville, FL, United States","5/8/20",80,45,63.9,NA,79.2,0,0,0,18.2,132.5,24.2,9.9,0,62.31,"Clear",2020-05-08,129,3238
"129","Gainesville, FL, United States","5/9/20",80,60.3,69.6,NA,80.7,0,0,0,14.9,153.96,20.8,9.9,32.1,71.89,"Partially cloudy",2020-05-09,130,251535
"130","Gainesville, FL, United States","5/10/20",74.1,59.1,65,NA,NA,0.74,0,0,12.4,64.75,18.3,9.1,45.3,85.08,"Rain, Partially cloudy",2020-05-10,131,53745
"131","Gainesville, FL, United States","5/11/20",83,55.2,68.8,NA,81.7,0,0,0,11.4,208.96,19.9,9.5,8.4,69.31,"Clear",2020-05-11,132,113146
"132","Gainesville, FL, United States","5/12/20",81,54,67.1,NA,79.9,0,0,0,13.8,105.79,20.8,9.9,0,53.99,"Clear",2020-05-12,133,102418
"133","Gainesville, FL, United States","5/13/20",83.1,53.2,69.3,NA,83.5,0,0,0,17.1,58.17,23.6,9.9,29.1,74.02,"Partially cloudy",2020-05-13,134,11318
"134","Gainesville, FL, United States","5/14/20",83,60.2,71.6,NA,83.5,0,0,0,16.1,69.33,26.5,9.5,26.4,73.07,"Partially cloudy",2020-05-14,135,135167
"135","Gainesville, FL, United States","5/15/20",84.9,59.1,72.3,NA,86.6,0,0,0,16,56.88,21.9,9.6,23.3,76.54,"Clear",2020-05-15,136,52046
"136","Gainesville, FL, United States","5/16/20",84.8,66,75,NA,89.4,0,0,0,17.1,52.5,26.3,9.7,29.6,80.02,"Partially cloudy",2020-05-16,137,26958
"137","Gainesville, FL, United States","5/17/20",88.1,68,76.4,NA,91.6,0,0,0,11.2,195.67,20.8,8.6,64.1,79.86,"Partially cloudy",2020-05-17,138,288195
"138","Gainesville, FL, United States","5/18/20",87.1,66.9,75.9,NA,87.2,0,0,0,17.3,181.13,29.4,9.9,18.9,75.31,"Clear",2020-05-18,139,27811
"139","Gainesville, FL, United States","5/19/20",86,66.9,76.6,NA,88.7,0.02,0,0,16.1,218.46,24.2,9.9,25.6,71.07,"Rain, Partially cloudy",2020-05-19,140,113265
"140","Gainesville, FL, United States","5/20/20",89,66,76.7,NA,89.9,0,0,0,14.9,242.79,25.3,9.9,6.8,69.87,"Clear",2020-05-20,141,277866
"141","Gainesville, FL, United States","5/21/20",91.1,65.1,78.5,NA,93.8,0,0,0,13.8,193.29,20.8,9.3,8.3,70.03,"Clear",2020-05-21,142,261136
"142","Gainesville, FL, United States","5/22/20",93,64.2,79.1,NA,95.3,0,0,0,14.7,168.21,28.9,9.8,11.4,66.26,"Clear",2020-05-22,143,273731
"143","Gainesville, FL, United States","5/23/20",91.1,66.9,78.7,NA,93.9,0.01,0,0,13.7,156.88,30.8,9.9,15.1,70.39,"Rain",2020-05-23,144,262420
"144","Gainesville, FL, United States","5/24/20",89,69.2,77.9,NA,92.8,0.01,0,0,18.2,66.67,21.9,9.8,10.5,75.46,"Rain",2020-05-24,145,26880
"145","Gainesville, FL, United States","5/25/20",80,71.1,74.3,NA,NA,0.36,0,0,11.5,82.04,25.3,9.3,46.1,90.04,"Rain, Partially cloudy",2020-05-25,146,137831
"146","Gainesville, FL, United States","5/26/20",80.9,71.1,74.8,NA,86.1,0.08,0,0,10.2,54.17,23,9.5,80.2,92.4,"Rain, Overcast",2020-05-26,147,152045
"147","Gainesville, FL, United States","5/27/20",84.9,71.1,77.2,NA,93.2,1.06,0,0,10.4,180.96,23,8.5,52.8,88.93,"Rain, Partially cloudy",2020-05-27,148,2976
"148","Gainesville, FL, United States","5/28/20",87.2,69.3,75.8,NA,95.6,1.15,0,0,17.1,177.21,21.8,8.5,30.4,90.48,"Rain, Partially cloudy",2020-05-28,149,251
"149","Gainesville, FL, United States","5/29/20",83.9,69.2,75,NA,90.3,0.79,0,0,9.1,136.04,19.9,8.4,31.5,90.74,"Rain, Partially cloudy",2020-05-29,150,136088
"150","Gainesville, FL, United States","5/30/20",87.2,70.1,78.1,NA,93.2,0.06,0,0,8,193.42,NA,7.8,38.2,83.61,"Rain, Partially cloudy",2020-05-30,151,161198
"151","Gainesville, FL, United States","5/31/20",91.9,69.2,80.4,NA,97.7,1.18,0,0,10.3,228.75,19.7,9.4,27.9,78.22,"Rain, Partially cloudy",2020-05-31,152,3021
"152","Gainesville, FL, United States","6/1/20",84.9,72,77.7,NA,90.7,0,0,0,20.6,96.83,28.7,9.7,40.4,82.15,"Partially cloudy",2020-06-01,153,3658
"153","Gainesville, FL, United States","6/2/20",84.9,68.1,76.3,NA,88.2,0,0,0,13.8,74.5,21.9,9.9,20.9,76.59,"Clear",2020-06-02,154,258930
"154","Gainesville, FL, United States","6/3/20",83,66.8,74.3,NA,84.1,0.03,0,0,8,73.83,NA,9.7,13.6,80.88,"Rain",2020-06-03,155,196199
"155","Gainesville, FL, United States","6/4/20",80.1,69.2,73.3,NA,84.3,0.49,0,0,10.2,120.83,21.9,8.8,68.5,94.98,"Rain, Partially cloudy",2020-06-04,156,136892
"156","Gainesville, FL, United States","6/5/20",81,71.1,76,NA,86.3,0,0,0,8,197.29,NA,9.9,52.8,90.53,"Partially cloudy",2020-06-05,157,335493
"157","Gainesville, FL, United States","6/6/20",80,72,74.2,NA,85.8,1.07,0,0,9.1,105.33,19.7,8,57.4,97.43,"Rain, Partially cloudy",2020-06-06,158,3213
"158","Gainesville, FL, United States","6/7/20",82.1,72,74.7,NA,91.9,2.4,0,0,10.3,119.54,32.2,7.4,76.3,99.32,"Rain, Overcast",2020-06-07,159,3548
"159","Gainesville, FL, United States","6/8/20",87.1,73.1,79.2,NA,100.4,0.19,0,0,13.7,162.63,19.7,9.4,44.7,90.22,"Rain, Partially cloudy",2020-06-08,160,114597
"160","Gainesville, FL, United States","6/9/20",83.9,74.9,79,NA,93.7,0.02,0,0,6.8,85.17,16.1,7.1,49.6,91.4,"Rain, Partially cloudy",2020-06-09,161,256405
"161","Gainesville, FL, United States","6/10/20",92,71.1,78,NA,102,0.05,0,0,18.1,97.83,23,8.7,30.5,87.91,"Rain, Partially cloudy",2020-06-10,162,14009
"162","Gainesville, FL, United States","6/11/20",88.1,71.1,76.5,NA,97.8,0.1,0,0,10.2,94.63,19.7,9.2,36.6,91.79,"Rain, Partially cloudy",2020-06-11,163,155325
"163","Gainesville, FL, United States","6/12/20",88.1,70.1,78.5,NA,94.1,2.34,0,0,12.7,101.25,26.4,9,55.5,81.84,"Rain, Partially cloudy",2020-06-12,164,3960
"164","Gainesville, FL, United States","6/13/20",84.8,69.2,75.8,NA,89.3,0.41,0,0,12.6,80.13,23.3,9.6,30.8,84.29,"Rain, Partially cloudy",2020-06-13,165,116035
"165","Gainesville, FL, United States","6/14/20",84.8,70.1,76.6,NA,89.5,0,0,0,14.9,105.33,19.7,9.5,39.7,82.63,"Partially cloudy",2020-06-14,166,348411
"166","Gainesville, FL, United States","6/15/20",87.2,66,76.1,NA,87.6,0,0,0,15,145.25,20.8,9.7,8.2,74.15,"Clear",2020-06-15,167,155741
"167","Gainesville, FL, United States","6/16/20",83.9,64.2,74.1,NA,85.3,0,0,0,10.2,124.5,18.3,9.9,25.2,74,"Partially cloudy",2020-06-16,168,271286
"168","Gainesville, FL, United States","6/17/20",83.9,62.1,72.6,NA,87.1,0,0,0,6.9,79.33,NA,9.9,51.5,81.73,"Partially cloudy",2020-06-17,169,286695
"169","Gainesville, FL, United States","6/18/20",89.1,65.9,77,NA,91,0,0,0,10.2,154.25,29.8,9.3,16.4,76.48,"Clear",2020-06-18,170,238750
"170","Gainesville, FL, United States","6/19/20",88.1,66.9,76.1,NA,94.8,0.38,0,0,22.7,94.83,32.1,9.5,25.5,84.97,"Rain, Partially cloudy",2020-06-19,171,1365
"171","Gainesville, FL, United States","6/20/20",92,68.1,78.8,NA,96.8,0.01,0,0,6.8,183.75,17.2,9.6,29.9,79.26,"Rain, Partially cloudy",2020-06-20,172,271463
"172","Gainesville, FL, United States","6/21/20",91.1,68,80.4,NA,95.2,0,0,0,11.3,261.58,17.2,9.9,5.8,72.26,"Clear",2020-06-21,173,272876
"173","Gainesville, FL, United States","6/22/20",91.1,66,79,NA,98.3,0,0,0,13.8,284.25,19.6,9.9,21.2,76.65,"Clear",2020-06-22,174,252853
"174","Gainesville, FL, United States","6/23/20",89.1,73.2,80.3,NA,97.2,0.05,0,0,16,209.29,34.4,9.9,22.3,81.31,"Rain",2020-06-23,175,73154
"175","Gainesville, FL, United States","6/24/20",92.9,74,82.7,NA,101.1,0,0,0,12.7,233.54,20.8,9.8,14.2,76.15,"Clear",2020-06-24,176,239932
"176","Gainesville, FL, United States","6/25/20",93,71.1,81.5,NA,100.9,0,0,0,12.5,177.14,NA,9.9,19,78.28,"Clear",2020-06-25,177,264210
"177","Gainesville, FL, United States","6/26/20",93,73.1,83.5,NA,100.1,0,0,0,8,124.83,NA,8.4,0.2,72.51,"Clear",2020-06-26,178,298966
"178","Gainesville, FL, United States","6/27/20",91.1,74.1,79.7,NA,102.9,0.01,0,0,20.2,154.13,36.3,9.8,3.8,82.97,"Rain",2020-06-27,179,2455
"179","Gainesville, FL, United States","6/28/20",93.8,71.1,82.2,NA,103.3,0,0,0,12.7,172.71,20.8,9.9,8.5,76.29,"Clear",2020-06-28,180,245762
"180","Gainesville, FL, United States","6/29/20",93,73.1,81.9,NA,103.2,0,0,0,12.7,281,21.5,9.8,16.4,80.93,"Clear",2020-06-29,181,341122
"181","Gainesville, FL, United States","6/30/20",91.1,74.9,80.3,NA,101.9,0.02,0,0,13.8,291.96,21.9,9.6,11.7,86.25,"Rain",2020-06-30,182,274325
"182","Gainesville, FL, United States","7/1/20",87,71.1,78,NA,97.4,0,0,0,12.7,235.63,27.7,9.9,9.8,85.03,"Clear",2020-07-01,183,444220
"183","Gainesville, FL, United States","7/2/20",89,69.2,79.2,NA,98,0.33,0,0,14.8,213,50.2,9.7,10.8,82.95,"Rain",2020-07-02,184,137507
"184","Gainesville, FL, United States","7/3/20",88,71.1,79,NA,97.5,0.03,0,0,10.2,185.29,26.4,9.9,7.3,84.96,"Rain",2020-07-03,185,283709
"185","Gainesville, FL, United States","7/4/20",88.9,71.1,76,NA,97.9,0.06,0,0,7,110.79,25.3,9.7,20.1,92.81,"Rain",2020-07-04,186,180544
"186","Gainesville, FL, United States","7/5/20",83.1,72,77.4,NA,91.1,0.03,0,0,15.9,147.5,21.9,7.7,25.1,91.09,"Rain, Partially cloudy",2020-07-05,187,190691
"187","Gainesville, FL, United States","7/6/20",82.9,73.1,76.8,NA,92.8,0.2,0,0,9.8,172.08,34.4,9.9,26.8,92.61,"Rain, Partially cloudy",2020-07-06,188,177571
"188","Gainesville, FL, United States","7/7/20",85.9,72,78.1,NA,95.1,0.55,0,0,19.5,209.75,40.1,9.3,16.8,88.97,"Rain",2020-07-07,189,17977
"189","Gainesville, FL, United States","7/8/20",88,74.9,80.7,NA,100.2,0.29,0,0,17.1,252.79,19.7,9.7,28.3,85.81,"Rain, Partially cloudy",2020-07-08,190,14956
"190","Gainesville, FL, United States","7/9/20",91.1,75,82.4,NA,100.9,0,0,0,16,267.96,17.2,9.4,25.8,79.63,"Partially cloudy",2020-07-09,191,179875
"191","Gainesville, FL, United States","7/10/20",92.9,77,82.9,NA,106,1.35,0,0,12.7,275.71,17.2,8.9,40.5,84.27,"Rain, Partially cloudy",2020-07-10,192,38
"192","Gainesville, FL, United States","7/11/20",93.8,74.1,82.7,NA,105.9,0.04,0,0,12.6,260.33,19.7,9.5,22.8,79.65,"Rain",2020-07-11,193,3424
"193","Gainesville, FL, United States","7/12/20",93.8,72,83.2,NA,98.4,0,0,0,12.7,214.71,18.3,9.8,2.3,70.15,"Clear",2020-07-12,194,432682
"194","Gainesville, FL, United States","7/13/20",91.1,73.1,82.5,NA,101.7,0,0,0,12.7,207.83,20.8,9.9,14.2,75.63,"Clear",2020-07-13,195,320433
"195","Gainesville, FL, United States","7/14/20",92.9,75.8,83.7,NA,105.4,0,0,0,13.8,264.04,21.9,9.7,25.6,78.78,"Partially cloudy",2020-07-14,196,4295
"196","Gainesville, FL, United States","7/15/20",92,72,80.7,NA,102.9,1.21,0,0,20.6,173.92,32.1,9.1,20.8,82.87,"Rain",2020-07-15,197,35
"197","Gainesville, FL, United States","7/16/20",91.1,70.1,80.2,NA,100.9,0.19,0,0,12.6,87.42,20.8,9.9,13.9,80.82,"Rain",2020-07-16,198,158557
"198","Gainesville, FL, United States","7/17/20",91.9,72,79.6,NA,103,0.1,0,0,8.1,75.17,19.7,9.2,13.2,87.11,"Rain",2020-07-17,199,148724
"199","Gainesville, FL, United States","7/18/20",91.1,71.1,80.5,NA,103,0.01,0,0,21.7,68.71,25.3,9.8,18,83.71,"Rain",2020-07-18,200,3202
"200","Gainesville, FL, United States","7/19/20",91.2,72,81.7,NA,100.9,0,0,0,11.4,62.33,NA,9.9,11.4,78.95,"Clear",2020-07-19,201,339851
"201","Gainesville, FL, United States","7/20/20",92,71.1,81.6,NA,100.4,0,0,0,11.4,107,19.7,9.9,16.1,78.91,"Clear",2020-07-20,202,294375
"202","Gainesville, FL, United States","7/21/20",91.8,73.2,79.5,NA,100.9,0.53,0,0,10.2,96.33,31.1,9.5,7.9,88.8,"Rain",2020-07-21,203,145074
"203","Gainesville, FL, United States","7/22/20",89,72,78.2,NA,101.7,0.03,0,0,10.3,74,21.9,9.9,9.7,90.28,"Rain",2020-07-22,204,282724
"204","Gainesville, FL, United States","7/23/20",88,75,78.7,NA,101.8,0,0,0,18.2,94.96,31,9.9,23.3,91.02,"Clear",2020-07-23,205,32150
"205","Gainesville, FL, United States","7/24/20",92,72,80.9,NA,101.1,0,0,0,12.6,90,28.3,9.9,12,80.48,"Clear",2020-07-24,206,365553
"206","Gainesville, FL, United States","7/25/20",91.1,73.2,81.2,NA,100.8,0,0,0,11.3,64.5,23,9.7,12.9,80.82,"Clear",2020-07-25,207,298166
"207","Gainesville, FL, United States","7/26/20",92.8,71.1,79.4,NA,100.8,0.02,0,0,10.2,82.63,23,9.7,21.3,84.82,"Rain",2020-07-26,208,249508
"208","Gainesville, FL, United States","7/27/20",88,71.1,78.4,NA,98.8,0.02,0,0,16,161.42,23,9.9,7.9,87.09,"Rain",2020-07-27,209,189086
"209","Gainesville, FL, United States","7/28/20",87.2,74,78.6,NA,96.6,0,0,0,17.1,240.92,20.8,9.9,10.5,88.47,"Clear",2020-07-28,210,48695
"210","Gainesville, FL, United States","7/29/20",87,72.2,76.4,NA,97.4,1,0,0,17.1,157.5,31.3,9.2,32.1,94.13,"Rain, Partially cloudy",2020-07-29,211,449
"211","Gainesville, FL, United States","7/30/20",89,72,80,NA,98.9,0.01,0,0,13.8,204.75,24.2,9.7,40.6,85.35,"Rain, Partially cloudy",2020-07-30,212,416993
"212","Gainesville, FL, United States","7/31/20",92,72,82.6,NA,101,0,0,0,9.2,244.63,NA,9.6,13.9,78.38,"Clear",2020-07-31,213,389377
"213","Gainesville, FL, United States","8/1/20",93.8,73.1,83,NA,105.7,0,0,0,8.1,144.71,NA,9.7,10.5,78.39,"Clear",2020-08-01,214,4573
"214","Gainesville, FL, United States","8/2/20",89.9,71.1,78.7,NA,101.4,0.39,0,0,23.3,77.38,31.1,9.5,22.9,87.23,"Rain",2020-08-02,215,1554
"215","Gainesville, FL, United States","8/3/20",92,74.9,82.9,NA,102.1,0,0,0,12.7,268.17,19.7,9.8,14.1,79.9,"Clear",2020-08-03,216,394026
"216","Gainesville, FL, United States","8/4/20",93.8,74.9,84,NA,104.3,0,0,0,9.2,199.83,17.2,9.6,20.2,78.14,"Clear",2020-08-04,217,360005
"217","Gainesville, FL, United States","8/5/20",92.9,73.1,80.8,NA,107.3,0,0,0,11.2,127.58,29.8,9.9,26.1,84.05,"Partially cloudy",2020-08-05,218,4325
"218","Gainesville, FL, United States","8/6/20",91.1,73.1,79.1,NA,106.2,0.13,0,0,11.3,161.08,31,9.9,13.8,88.61,"Rain",2020-08-06,219,1916
"219","Gainesville, FL, United States","8/7/20",89.9,72,76.7,NA,101.3,0.54,0,0,20,128.33,30,9.5,8.2,92.73,"Rain",2020-08-07,220,1528
"220","Gainesville, FL, United States","8/8/20",89.9,69.2,79.3,NA,101.3,0,0,0,12.7,142.96,NA,9.9,14.4,83.94,"Clear",2020-08-08,221,291440
"221","Gainesville, FL, United States","8/9/20",94.9,72,81.9,NA,105.8,0.53,0,0,15.4,174.54,NA,8.6,14.9,80.13,"Rain",2020-08-09,222,962
"222","Gainesville, FL, United States","8/10/20",93.8,71.1,81.6,NA,103.3,0,0,0,10.2,121.17,32.2,9.9,14.5,77.94,"Clear",2020-08-10,223,383186
"223","Gainesville, FL, United States","8/11/20",88.1,73.2,77.4,NA,97.9,0.19,0,0,13.9,145.25,26.4,9.1,23.5,90.56,"Rain",2020-08-11,224,185002
"224","Gainesville, FL, United States","8/12/20",89,71.1,79.7,NA,98.1,0,0,0,14.9,176.63,20.8,9,15,84.12,"Clear",2020-08-12,225,416245
"225","Gainesville, FL, United States","8/13/20",92.9,72,80.3,NA,104.2,0,0,0,14.8,150.88,29.5,9.4,15.6,83.35,"Clear",2020-08-13,226,345393
"226","Gainesville, FL, United States","8/14/20",89.1,72,80.2,NA,101.7,0.04,0,0,9.4,148.33,29.8,9.9,28.9,84.31,"Rain, Partially cloudy",2020-08-14,227,306044
"227","Gainesville, FL, United States","8/15/20",88,73.1,78.7,NA,100.2,0.12,0,0,14.8,167.17,23,9.5,11.5,89.48,"Rain",2020-08-15,228,164517
"228","Gainesville, FL, United States","8/16/20",92,74,81.2,NA,103.1,0.04,0,0,12.6,237.71,18.3,9.9,23.5,83.57,"Rain",2020-08-16,229,260839
"229","Gainesville, FL, United States","8/17/20",89.8,72,79.7,NA,101.8,0,0,0,10.2,111.58,19.7,9.8,6.9,86.7,"Clear",2020-08-17,230,332796
"230","Gainesville, FL, United States","8/18/20",91.1,71.1,78.1,NA,100.8,0.26,0,0,11.3,142.63,34.4,9.2,29.8,89.3,"Rain, Partially cloudy",2020-08-18,231,161151
"231","Gainesville, FL, United States","8/19/20",86,70.1,76.3,NA,93.3,0.26,0,0,9.1,168.75,19.7,9.9,13.8,90.93,"Rain",2020-08-19,232,219540
"232","Gainesville, FL, United States","8/20/20",87.1,71.1,77,NA,93.6,0.55,0,0,20.5,137.13,29.8,9.7,26.5,89.34,"Rain, Partially cloudy",2020-08-20,233,2069
"233","Gainesville, FL, United States","8/21/20",82.1,70.1,73.9,NA,86.5,0.16,0,0,10.2,168.75,NA,9.8,26.4,94.47,"Rain, Partially cloudy",2020-08-21,234,205994
"234","Gainesville, FL, United States","8/22/20",85.9,71.1,76.1,NA,95.7,0.37,0,0,9.2,96.88,32.2,9.2,19.8,92.38,"Rain",2020-08-22,235,215614
"235","Gainesville, FL, United States","8/23/20",91.1,72,79.4,NA,103.1,0.16,0,0,11.3,70.46,18.5,9.7,21.5,90.73,"Rain",2020-08-23,236,130520
"236","Gainesville, FL, United States","8/24/20",92,77,82.3,NA,106.4,0.03,0,0,19.5,86.42,34.2,9.9,27.3,87.75,"Rain, Partially cloudy",2020-08-24,237,362
"237","Gainesville, FL, United States","8/25/20",93.8,76.4,83.9,NA,107.6,0,0,0,14.9,103.88,25.3,8.6,32.8,84.33,"Partially cloudy",2020-08-25,238,4531
"238","Gainesville, FL, United States","8/26/20",95,75,83.5,NA,108.3,0,0,0,13.6,81.75,19.7,8.9,12.5,82.29,"Clear",2020-08-26,239,3932
"239","Gainesville, FL, United States","8/27/20",92.9,75,81,NA,105.4,0.22,0,0,14.8,131.13,29.8,9.6,28.8,87.99,"Rain, Partially cloudy",2020-08-27,240,1940
"240","Gainesville, FL, United States","8/28/20",88.1,73.2,80.5,NA,100.6,0.75,0,0,6.9,169.96,17.2,9.8,17.1,89.69,"Rain",2020-08-28,241,165673
"241","Gainesville, FL, United States","8/29/20",91.3,74.1,79.7,NA,104.9,0.27,0,0,17.1,237.79,25.3,9.5,27,90.7,"Rain, Partially cloudy",2020-08-29,242,17293
"242","Gainesville, FL, United States","8/30/20",87.8,74,78.1,NA,100,0.48,0,0,12.6,240.13,19.7,8.9,52,91.44,"Rain, Partially cloudy",2020-08-30,243,197220
"243","Gainesville, FL, United States","8/31/20",82.1,74.1,77.3,NA,90.3,1.46,0,0,9.1,209.96,NA,9.5,27.6,97.04,"Rain, Partially cloudy",2020-08-31,244,5084
"244","Gainesville, FL, United States","9/1/20",84.8,74.9,78.1,NA,95.2,0.75,0,0,8.1,226,NA,8.2,32.5,95.04,"Rain, Partially cloudy",2020-09-01,245,232204
"245","Gainesville, FL, United States","9/2/20",89.9,74.1,81.5,NA,103.4,0.08,0,0,8,165,NA,7.2,42.7,86.9,"Rain, Partially cloudy",2020-09-02,246,169977
"246","Gainesville, FL, United States","9/3/20",91.2,74,82.2,NA,104.7,0,0,0,8,178.21,NA,9.6,28.3,86.68,"Partially cloudy",2020-09-03,247,389331
"247","Gainesville, FL, United States","9/4/20",92.8,75.8,82.9,NA,106.9,0,0,0,19.4,125.29,25.3,9.9,38.2,84.68,"Partially cloudy",2020-09-04,248,471
"248","Gainesville, FL, United States","9/5/20",97,74.9,84.7,NA,104,0,0,0,9.1,66.13,NA,9.8,18.7,75.14,"Clear",2020-09-05,249,392565
"249","Gainesville, FL, United States","9/6/20",92.9,73.2,80.3,NA,102.2,0,0,0,12.6,123.38,NA,9.4,31.7,85.47,"Partially cloudy",2020-09-06,250,368117
"250","Gainesville, FL, United States","9/7/20",87.2,72,77.6,NA,95.6,0.2,0,0,17,65.46,24.2,9.7,20.9,89.19,"Rain",2020-09-07,251,21636
"251","Gainesville, FL, United States","9/8/20",88.1,72,77.5,NA,96.8,0.11,0,0,9.2,44.83,18.3,9.6,23.3,89.72,"Rain",2020-09-08,252,234029
"252","Gainesville, FL, United States","9/9/20",90,73.1,78,NA,100.3,1.79,0,0,11.8,67.75,26.3,7.6,71.3,91.37,"Rain, Partially cloudy",2020-09-09,253,3453
"253","Gainesville, FL, United States","9/10/20",89.9,73.2,77.8,NA,101.4,0.74,0,0,12.6,101.67,21.9,8.7,34.3,94.04,"Rain, Partially cloudy",2020-09-10,254,165065
"254","Gainesville, FL, United States","9/11/20",86,74.9,79.1,NA,98.5,0.28,0,0,18,52.33,23,8.8,31.6,95.18,"Rain, Partially cloudy",2020-09-11,255,20964
"255","Gainesville, FL, United States","9/12/20",87.8,74.1,78.6,NA,100,0.42,0,0,15.9,61.67,39.2,9.4,21.5,93.24,"Rain",2020-09-12,256,108355
"256","Gainesville, FL, United States","9/13/20",87.5,74.1,78,NA,99.5,0.11,0,0,19.4,91.42,24.1,9.6,30,92.73,"Rain, Partially cloudy",2020-09-13,257,23826
"257","Gainesville, FL, United States","9/14/20",87.1,74.1,77,NA,96.6,1.03,0,0,13.8,73.92,27.7,9,21.5,95.03,"Rain",2020-09-14,258,4179
"258","Gainesville, FL, United States","9/15/20",83,74.9,78.3,NA,92,0.14,0,0,9.1,71.58,NA,9.9,34.6,93.93,"Rain, Partially cloudy",2020-09-15,259,209344
"259","Gainesville, FL, United States","9/16/20",87.2,74.9,79,NA,98.9,0.17,0,0,11.4,120.08,30,9.7,45.6,91.96,"Rain, Partially cloudy",2020-09-16,260,184344
"260","Gainesville, FL, United States","9/17/20",83.9,75.9,78.8,NA,96,0.83,0,0,13.8,191.71,31.1,8.9,58.5,94.45,"Rain, Partially cloudy",2020-09-17,261,179834
"261","Gainesville, FL, United States","9/18/20",86,72,78.4,NA,93.2,0,0,0,15.9,248.13,21.9,9.9,54.3,83.14,"Partially cloudy",2020-09-18,262,223099
"262","Gainesville, FL, United States","9/19/20",75.9,71.9,73.5,NA,NA,0.09,0,0,12.6,90.25,21.9,7.9,85.3,95.62,"Rain, Overcast",2020-09-19,263,191946
"263","Gainesville, FL, United States","9/20/20",73.2,66,70.4,NA,NA,0,0,0,18.2,20.42,27.6,9.4,96.4,93.39,"Overcast",2020-09-20,264,37887
"264","Gainesville, FL, United States","9/21/20",83,68,73,NA,85.5,0,0,0,19.7,33.58,30.6,9.4,75.7,81.56,"Overcast",2020-09-21,265,36638
"265","Gainesville, FL, United States","9/22/20",80.1,66,71.8,NA,81.9,0,0,0,17.1,122.75,25.2,9.9,61.5,77.64,"Partially cloudy",2020-09-22,266,39782
"266","Gainesville, FL, United States","9/23/20",83.1,63,72.7,NA,85.2,0,0,0,8,62.54,NA,9.9,8.4,76.73,"Clear",2020-09-23,267,444192
"267","Gainesville, FL, United States","9/24/20",88,66.9,76.4,NA,91,0,0,0,12.7,120.71,19.7,9.9,22.1,79.97,"Clear",2020-09-24,268,366271
"268","Gainesville, FL, United States","9/25/20",89.9,70.1,79.4,NA,97.2,0,0,0,7,176.71,NA,9.7,18.7,82.66,"Clear",2020-09-25,269,538791
"269","Gainesville, FL, United States","9/26/20",90,71.1,78.9,NA,98.3,0,0,0,10.2,211.29,NA,8.9,29.4,84.29,"Partially cloudy",2020-09-26,270,510521
"270","Gainesville, FL, United States","9/27/20",83.1,72,75.9,NA,92.2,0.07,0,0,9,92.04,NA,8.1,37.5,95.51,"Rain, Partially cloudy",2020-09-27,271,223867
"271","Gainesville, FL, United States","9/28/20",83,72,76.2,NA,90.3,0.01,0,0,8,153.13,20.8,9.9,33.7,93.52,"Rain, Partially cloudy",2020-09-28,272,513991
"272","Gainesville, FL, United States","9/29/20",84.8,61.1,74,NA,92.3,0.18,0,0,17.1,231.63,34.4,9.6,56.4,92.35,"Rain, Partially cloudy",2020-09-29,273,17263
"273","Gainesville, FL, United States","9/30/20",79,57,65.6,NA,NA,0,0,0,11.4,211.96,17.2,9.9,8.2,76.96,"Clear",2020-09-30,274,173216
"274","Gainesville, FL, United States","10/1/20",80.9,51.2,65.1,NA,80.7,0,0,0,10.2,140.17,NA,9.9,0,77.89,"Clear",2020-10-01,275,160059
"275","Gainesville, FL, United States","10/2/20",79,57.8,67.1,NA,NA,0,0,0,9.2,241.08,20.8,9.9,0,73.29,"Clear",2020-10-02,276,169844
"276","Gainesville, FL, United States","10/3/20",77,60.2,67.5,NA,NA,0,0,0,13.8,76.42,19.7,9.9,31.9,76.43,"Partially cloudy",2020-10-03,277,389870
"277","Gainesville, FL, United States","10/4/20",68,63,65.6,NA,NA,0.23,0,0,13.7,119.42,NA,8.5,86.6,94.22,"Rain, Overcast",2020-10-04,278,1764
"278","Gainesville, FL, United States","10/5/20",73.2,66.8,69.7,NA,NA,0.09,0,0,11.3,29.38,17.2,7.6,99,99.46,"Rain, Overcast",2020-10-05,279,173644
"279","Gainesville, FL, United States","10/6/20",89,71.9,77.2,NA,100.2,0,0,0,17.1,41.83,21.9,7.4,69.2,91.56,"Partially cloudy",2020-10-06,280,36574
"280","Gainesville, FL, United States","10/7/20",89,73.1,78.1,NA,99.1,0,0,0,12.7,65.63,19.7,8,78.4,90.38,"Overcast",2020-10-07,281,513144
"281","Gainesville, FL, United States","10/8/20",88,71.1,78.1,NA,96.8,0,0,0,10.1,47.04,NA,8.3,62.6,90.06,"Partially cloudy",2020-10-08,282,461450
"282","Gainesville, FL, United States","10/9/20",86,74,77.9,NA,94.9,0.41,0,0,12.6,80.25,29.6,9.4,63.8,92.35,"Rain, Partially cloudy",2020-10-09,283,207730
"283","Gainesville, FL, United States","10/10/20",88.1,70.1,77.3,NA,97.8,0.03,0,0,20.4,124.54,28.9,9,37.1,90.07,"Rain, Partially cloudy",2020-10-10,284,3571
"284","Gainesville, FL, United States","10/11/20",87.1,73.1,78,NA,95.8,0.12,0,0,17.1,197.67,25.1,9.6,36.5,88,"Rain, Partially cloudy",2020-10-11,285,24570
"285","Gainesville, FL, United States","10/12/20",83.9,69.1,75.3,NA,89.1,0,0,0,13.8,264.83,19.7,9.6,36,87.57,"Partially cloudy",2020-10-12,286,390542
"286","Gainesville, FL, United States","10/13/20",87.2,66.4,75.4,NA,91.5,0,0,0,10.2,298.79,21.9,7.6,18.6,85.69,"Clear",2020-10-13,287,335844
"287","Gainesville, FL, United States","10/14/20",88.1,66,76.1,NA,90.9,0,0,0,6.9,75.63,NA,7.5,26.1,81.96,"Partially cloudy",2020-10-14,288,399819
"288","Gainesville, FL, United States","10/15/20",86,66,74.9,NA,89.3,0,0,0,7.9,133.5,NA,8.3,14.2,84.02,"Clear",2020-10-15,289,430048
"289","Gainesville, FL, United States","10/16/20",88,66,75.4,NA,89.9,0,0,0,10.2,254.63,20.8,9.1,14.4,79.77,"Clear",2020-10-16,290,363279
"290","Gainesville, FL, United States","10/17/20",80,59.1,69.7,NA,82.1,0,0,0,13.8,128.58,18.3,9.9,11.7,73.66,"Clear",2020-10-17,291,160856
"291","Gainesville, FL, United States","10/18/20",83.1,63,72,NA,87.7,0,0,0,19.5,85.13,23,9.9,49.2,84.39,"Partially cloudy",2020-10-18,292,43215
"292","Gainesville, FL, United States","10/19/20",86,69.2,74.9,NA,89.4,0.26,0,0,14.9,47.54,24.1,9.1,49.9,87.65,"Rain, Partially cloudy",2020-10-19,293,179012
"293","Gainesville, FL, United States","10/20/20",83.9,72,75.5,NA,91,0.04,0,0,12.7,38.33,18.3,9.3,54.1,93.72,"Rain, Partially cloudy",2020-10-20,294,401257
"294","Gainesville, FL, United States","10/21/20",83.8,71.1,75.6,NA,90.8,0.26,0,0,14.9,49.67,20.8,9.6,43.1,91.9,"Rain, Partially cloudy",2020-10-21,295,217992
"295","Gainesville, FL, United States","10/22/20",82.1,71.1,74.5,NA,86.5,0.07,0,0,15.9,39.08,31.1,8.9,57.1,92.89,"Rain, Partially cloudy",2020-10-22,296,102091
"296","Gainesville, FL, United States","10/23/20",83.9,70.1,73.9,NA,89.5,0.06,0,0,13.7,45.08,NA,9.7,46.8,92.3,"Rain, Partially cloudy",2020-10-23,297,203110
"297","Gainesville, FL, United States","10/24/20",84.8,66.9,73.8,NA,88.8,0,0,0,10.2,87.04,21.9,9.9,41.3,85.94,"Partially cloudy",2020-10-24,298,369218
"298","Gainesville, FL, United States","10/25/20",88.1,65.1,75.4,NA,94,0.01,0,0,10.2,114.08,NA,8.6,39,85.18,"Rain, Partially cloudy",2020-10-25,299,347545
"299","Gainesville, FL, United States","10/26/20",86,66.9,75.4,NA,92.2,0,0,0,13.8,65.17,19.7,8.6,51.6,87.76,"Partially cloudy",2020-10-26,300,219103
"300","Gainesville, FL, United States","10/27/20",84.9,73.1,77.9,NA,92.4,0,0,0,11.3,78.67,19.7,9.7,68.8,88.83,"Partially cloudy",2020-10-27,301,200440
"301","Gainesville, FL, United States","10/28/20",87.2,70.1,78.3,NA,95.7,0,0,0,12.6,105.54,18.3,9.6,22.5,86.9,"Clear",2020-10-28,302,220285
"302","Gainesville, FL, United States","10/29/20",87.2,71.1,77.5,NA,93.7,0.06,0,0,23.5,197.71,35.5,9.6,55.8,89.15,"Rain, Partially cloudy",2020-10-29,303,988
"303","Gainesville, FL, United States","10/30/20",72,53.1,63.3,NA,NA,0,0,0,12.7,252.92,16.1,9.9,0.1,72.77,"Clear",2020-10-30,304,69225
"304","Gainesville, FL, United States","10/31/20",83.8,52.1,66.8,NA,84,0,0,0,11.4,104.58,19.7,9.9,5.7,81.64,"Clear",2020-10-31,305,69002
"305","Gainesville, FL, United States","11/1/20",82.9,61.2,68.8,NA,88.1,0.26,0,0,13.9,187.54,19.7,9.2,67.3,95.78,"Rain, Partially cloudy",2020-11-01,306,83678
"306","Gainesville, FL, United States","11/1/20",65.1,44.1,56.9,NA,NA,0,0,0,20.6,137.88,29.5,9.9,0,66.11,"Clear",2020-11-01,306,2
"307","Gainesville, FL, United States","11/2/20",71.1,41.1,54.8,40.6,NA,0,0,0,9.1,125.5,NA,9.9,0,65.19,"Clear",2020-11-02,307,22590
"308","Gainesville, FL, United States","11/3/20",79,46.2,62.7,NA,NA,0,0,0,17.1,91.13,23.1,9.9,25.8,71.08,"Partially cloudy",2020-11-03,308,2168
"309","Gainesville, FL, United States","11/4/20",79.1,60.2,68.8,NA,NA,0,0,0,17.1,47.96,20.7,9.9,47.8,83.56,"Partially cloudy",2020-11-04,309,15878
"310","Gainesville, FL, United States","11/5/20",82.1,66.8,71.6,NA,85,0,0,0,16,38.67,24.2,9.7,73.3,89.06,"Partially cloudy",2020-11-05,310,92313
"311","Gainesville, FL, United States","11/6/20",84.7,66.9,73.4,NA,88.7,0,0,0,17.1,60.83,29.5,9.5,58.5,85.95,"Partially cloudy",2020-11-06,311,17615
"312","Gainesville, FL, United States","11/7/20",81,68,73.3,NA,83.8,0.03,0,0,20.6,54.29,27.7,9.9,36.4,87.12,"Rain, Partially cloudy",2020-11-07,312,1341
"313","Gainesville, FL, United States","11/8/20",79,72,74,NA,NA,0.44,0,0,17.1,63.38,30.9,7.8,85.3,94.68,"Rain, Overcast",2020-11-08,313,9771
"314","Gainesville, FL, United States","11/9/20",83,72,76,NA,93.1,0.34,0,0,21.7,87.42,36.7,9.2,73.4,94.76,"Rain, Partially cloudy",2020-11-09,314,1008
"315","Gainesville, FL, United States","11/10/20",80.9,73.2,76.4,NA,87.9,0.2,0,0,16,96.92,24.2,9.3,86.2,97.41,"Rain, Overcast",2020-11-10,315,45024
"316","Gainesville, FL, United States","11/11/20",78.2,71.9,74.3,NA,NA,0.48,0,0,26.3,205.33,42.4,7,82.4,95.52,"Rain, Overcast",2020-11-11,316,983
"317","Gainesville, FL, United States","11/12/20",73.2,61.1,67.9,NA,NA,0,0,0,6.9,299.46,NA,7.3,59.5,97.54,"Partially cloudy",2020-11-12,317,174008
"318","Gainesville, FL, United States","11/13/20",79.1,57.9,67.2,NA,NA,0,0,0,9.1,97.63,NA,5.9,29.4,89.79,"Partially cloudy",2020-11-13,318,77812
"319","Gainesville, FL, United States","11/14/20",84,61.2,70.4,NA,88.9,0.05,0,0,10.2,130.75,17.2,6.7,37.8,92.82,"Rain, Partially cloudy",2020-11-14,319,74286
"320","Gainesville, FL, United States","11/15/20",77,57.9,68.1,NA,NA,0,0,0,11.4,252.13,17.9,6.6,24.8,75.33,"Clear",2020-11-15,320,71570
"321","Gainesville, FL, United States","11/16/20",73.1,47.2,57.3,45.9,NA,0,0,0,11.4,233.88,16.1,9.9,0,56.08,"Clear",2020-11-16,321,21083
"322","Gainesville, FL, United States","11/17/20",69.2,46.1,56.1,42.6,NA,0,0,0,19.6,97.92,28.1,9.9,0.2,59.74,"Clear",2020-11-17,322,2371
"323","Gainesville, FL, United States","11/18/20",69.2,47.1,56.4,43.7,NA,0,0,0,14.8,160.92,19.7,9.9,61.8,81.81,"Partially cloudy",2020-11-18,323,22171
"324","Gainesville, FL, United States","11/19/20",74,57.8,63.9,NA,NA,0,0,0,12.7,68.21,19.7,9,75.2,92.12,"Overcast",2020-11-19,324,66989
"325","Gainesville, FL, United States","11/20/20",75.8,63,67.7,NA,NA,0.08,0,0,16,32.13,24.2,9.4,82.5,90.7,"Rain, Overcast",2020-11-20,325,42167
"326","Gainesville, FL, United States","11/21/20",75.8,61.1,66.5,NA,NA,0.03,0,0,11.3,69.25,NA,9.5,89.1,93.97,"Rain, Overcast",2020-11-21,326,133282
"327","Gainesville, FL, United States","11/22/20",74.9,55.2,65.7,NA,NA,0,0,0,11.4,255.58,18.3,9.1,45.4,84.02,"Partially cloudy",2020-11-22,327,69506
"328","Gainesville, FL, United States","11/23/20",75.8,48,61.3,NA,NA,0,0,0,11.3,93.71,17.2,9.9,14.1,84.26,"Clear",2020-11-23,328,18893
"329","Gainesville, FL, United States","11/24/20",80.1,56.1,66.6,NA,80.9,0,0,0,8,113.21,17.2,9.5,33.2,83.73,"Partially cloudy",2020-11-24,329,83973
"330","Gainesville, FL, United States","11/25/20",80.9,57.9,68.2,NA,82.2,0,0,0,9.1,121.67,26.4,9.4,45.4,83.85,"Partially cloudy",2020-11-25,330,50665
"331","Gainesville, FL, United States","11/26/20",81,57,67.3,NA,82,0,0,0,6.9,125.86,NA,9.9,5.9,84.83,"Clear",2020-11-26,331,56910
"332","Gainesville, FL, United States","11/27/20",75.8,62.1,68.1,NA,NA,0,0,0,10.3,158.63,18.3,9.8,60.2,89.13,"Partially cloudy",2020-11-27,332,121916
"333","Gainesville, FL, United States","11/28/20",72,62.1,65.8,NA,NA,0,0,0,8.1,89.42,NA,8.2,82.2,95.46,"Overcast",2020-11-28,333,135208
"334","Gainesville, FL, United States","11/29/20",70.1,48,63.7,43.8,NA,0.36,0,0,22,250.04,30.3,9.3,59.3,78.03,"Rain, Partially cloudy",2020-11-29,334,83
"335","Gainesville, FL, United States","11/30/20",51.2,30.9,41.1,26.9,NA,0,0,0,13.7,293.25,20.8,9.9,1.1,67.04,"Clear",2020-11-30,335,0
"336","Gainesville, FL, United States","12/1/20",56.9,26.1,39.2,19.5,NA,0,0,0,10.2,140.33,17.2,9.9,0,71.21,"Clear",2020-12-01,336,0
"337","Gainesville, FL, United States","12/2/20",71.1,30,51.1,32,NA,0,0,0,12.7,96.38,16.1,9.9,16.7,77,"Clear",2020-12-02,337,0
"338","Gainesville, FL, United States","12/3/20",73.1,55.2,63.1,NA,NA,0,0,0,10.3,98.54,17.2,9.9,82.3,84.17,"Overcast",2020-12-03,338,57712
"339","Gainesville, FL, United States","12/4/20",65,44.1,55.5,41.6,NA,0.09,0,0,13.6,299.33,27.7,9.9,21.1,77.77,"Rain",2020-12-04,339,66
"340","Gainesville, FL, United States","12/5/20",63,39.9,51.6,36.7,NA,0.05,0,0,9.1,194.92,NA,9.7,41.9,84.01,"Rain, Partially cloudy",2020-12-05,340,0
"341","Gainesville, FL, United States","12/6/20",64.1,43.2,54.1,40.4,NA,0.24,0,0,17.1,276.54,24.1,9.5,57.5,85.84,"Rain, Partially cloudy",2020-12-06,341,9
"342","Gainesville, FL, United States","12/7/20",54,35.1,43.1,28.6,NA,0,0,0,13.7,301.46,17.2,9.9,0,70.02,"Clear",2020-12-07,342,0
"343","Gainesville, FL, United States","12/8/20",62.1,32,45.3,26.5,NA,0,0,0,16,243.08,17.2,9.8,0,77.95,"Clear",2020-12-08,343,0
"344","Gainesville, FL, United States","12/9/20",70.1,38.9,52.1,41.7,NA,0,0,0,8,136.21,NA,8.1,9,82.66,"Clear",2020-12-09,344,0
"345","Gainesville, FL, United States","12/10/20",69.2,38.9,52.7,NA,NA,0,0,0,9.1,37.83,NA,8.9,6.2,82.31,"Clear",2020-12-10,345,0
"346","Gainesville, FL, United States","12/11/20",66.8,45,56.5,NA,NA,0,0,0,5.7,55.21,NA,8.8,71.7,95.52,"Partially cloudy",2020-12-11,346,191
"347","Gainesville, FL, United States","12/12/20",77,54.1,63.6,NA,NA,0,0,0,5.8,102.21,NA,4.8,27.9,89.23,"Partially cloudy",2020-12-12,347,56034
"348","Gainesville, FL, United States","12/13/20",77,56.1,65.3,NA,NA,0.03,0,0,16.1,224.58,23.2,7.7,40.3,86.99,"Rain, Partially cloudy",2020-12-13,348,24990
"349","Gainesville, FL, United States","12/14/20",71,51.1,59,NA,NA,0,0,0,10.2,158.42,NA,9.9,56.9,82.38,"Partially cloudy",2020-12-14,349,55231
"350","Gainesville, FL, United States","12/15/20",66.8,52.1,56.1,NA,NA,0.82,0,0,10.3,115.96,NA,6.3,94.8,94.39,"Rain, Overcast",2020-12-15,350,254
"351","Gainesville, FL, United States","12/16/20",66.7,39.9,51.5,34.4,NA,0,0,0,12.7,311.71,20.8,8.8,65.5,83.1,"Partially cloudy",2020-12-16,351,0
"352","Gainesville, FL, United States","12/17/20",56.1,30.9,41.8,27.5,NA,0,0,0,12.6,161.88,19.7,9.4,11.5,71.53,"Clear",2020-12-17,352,0
"353","Gainesville, FL, United States","12/18/20",64.2,39.8,50.4,36.4,NA,0,0,0,10.2,89.63,NA,9.9,30.4,82.7,"Partially cloudy",2020-12-18,353,0
"354","Gainesville, FL, United States","12/19/20",71,46.2,57.7,NA,NA,0.03,0,0,9.2,106.42,24.2,7.1,75.1,91.23,"Rain, Overcast",2020-12-19,354,14043
"355","Gainesville, FL, United States","12/20/20",65.9,46.2,59.1,47.1,NA,0.01,0,0,14.8,270.38,20.8,9.8,51.5,80.51,"Rain, Partially cloudy",2020-12-20,355,145
"356","Gainesville, FL, United States","12/21/20",69.2,41,53.1,36.6,NA,0,0,0,8,214.71,NA,8.4,0.3,73.33,"Clear",2020-12-21,356,16816
"357","Gainesville, FL, United States","12/22/20",72,37.1,53.5,NA,NA,0,0,0,11.4,59.58,16.1,9.9,9.7,74.37,"Clear",2020-12-22,357,0
"358","Gainesville, FL, United States","12/23/20",77,50,61.7,NA,NA,0.51,0,0,21.9,137.58,54.3,9.1,57.3,81.62,"Rain, Partially cloudy",2020-12-23,358,266
"359","Gainesville, FL, United States","12/24/20",48.9,29.1,40.2,21.7,NA,0.07,0,0,16,290.96,24.2,9.9,12.3,55.12,"Rain",2020-12-24,359,0
"360","Gainesville, FL, United States","12/25/20",48.8,25.1,34.8,19.4,NA,0,0,0,9,204.88,NA,9.9,0,64.23,"Clear",2020-12-25,360,0
"361","Gainesville, FL, United States","12/26/20",63,25.1,42.9,39.1,NA,0,0,0,10.2,54.5,NA,9.9,0,69.97,"Clear",2020-12-26,361,0
"362","Gainesville, FL, United States","12/27/20",71.9,37.2,53,35,NA,0,0,0,6.9,44.88,NA,9.9,5,74.2,"Clear",2020-12-27,362,0
"363","Gainesville, FL, United States","12/28/20",71.9,39.9,54.5,NA,NA,0,0,0,12.6,75.96,NA,9.9,7.1,75.82,"Clear",2020-12-28,363,0
"364","Gainesville, FL, United States","12/29/20",75.8,46.3,60.3,NA,NA,0,0,0,12.6,57.38,18.3,8.5,37.8,83.65,"Partially cloudy",2020-12-29,364,15021
"365","Gainesville, FL, United States","12/30/20",79.1,58,67.3,NA,NA,0,0,0,19.5,122.67,28.2,9.9,51.7,82.52,"Partially cloudy",2020-12-30,365,5836
